instance,lp1
/home/gustavo/ic2024/data/set2/C1/BPPC_1_0_10.txt_0.1.bz2,222.85714285714286
/home/gustavo/ic2024/data/set2/C1/BPPC_1_0_10.txt_0.2.bz2,222.00000000000003
/home/gustavo/ic2024/data/set2/C1/BPPC_1_0_10.txt_0.3.bz2,220.19230769230765
/home/gustavo/ic2024/data/set2/C1/BPPC_1_0_10.txt_0.4.bz2,220.19230769230768
/home/gustavo/ic2024/data/set2/C1/BPPC_1_0_10.txt_0.5.bz2,220.19230769230765
/home/gustavo/ic2024/data/set2/C1/BPPC_1_0_10.txt_0.6.bz2,220.19230769230765
/home/gustavo/ic2024/data/set2/C1/BPPC_1_0_10.txt_0.7.bz2,220.19230769230768
/home/gustavo/ic2024/data/set2/C1/BPPC_1_0_1.txt_0.1.bz2,213.70370370370372
/home/gustavo/ic2024/data/set2/C1/BPPC_1_0_10.txt_0.8.bz2,220.19230769230768
/home/gustavo/ic2024/data/set2/C1/BPPC_1_0_1.txt_0.2.bz2,210.655737704918
/home/gustavo/ic2024/data/set2/C1/BPPC_1_0_10.txt_0.9.bz2,220.19230769230768
/home/gustavo/ic2024/data/set2/C1/BPPC_1_0_1.txt_0.3.bz2,208.83333333333331
/home/gustavo/ic2024/data/set2/C1/BPPC_1_0_1.txt_0.4.bz2,208.83333333333334
/home/gustavo/ic2024/data/set2/C1/BPPC_1_0_1.txt_0.5.bz2,208.83333333333331
/home/gustavo/ic2024/data/set2/C1/BPPC_1_0_1.txt_0.6.bz2,208.83333333333331
/home/gustavo/ic2024/data/set2/C1/BPPC_1_0_1.txt_0.7.bz2,208.8333333333333
/home/gustavo/ic2024/data/set2/C1/BPPC_1_0_2.txt_0.1.bz2,216.66666666666666
/home/gustavo/ic2024/data/set2/C1/BPPC_1_0_1.txt_0.8.bz2,208.83333333333334
/home/gustavo/ic2024/data/set2/C1/BPPC_1_0_2.txt_0.2.bz2,214.82758620689654
/home/gustavo/ic2024/data/set2/C1/BPPC_1_0_1.txt_0.9.bz2,208.83333333333334
/home/gustavo/ic2024/data/set2/C1/BPPC_1_0_2.txt_0.3.bz2,214.33333333333337
/home/gustavo/ic2024/data/set2/C1/BPPC_1_0_2.txt_0.4.bz2,213.10344827586206
/home/gustavo/ic2024/data/set2/C1/BPPC_1_0_2.txt_0.5.bz2,213.10344827586204
/home/gustavo/ic2024/data/set2/C1/BPPC_1_0_2.txt_0.6.bz2,213.10344827586206
/home/gustavo/ic2024/data/set2/C1/BPPC_1_0_2.txt_0.7.bz2,213.10344827586206
/home/gustavo/ic2024/data/set2/C1/BPPC_1_0_3.txt_0.1.bz2,217.60000000000002
/home/gustavo/ic2024/data/set2/C1/BPPC_1_0_2.txt_0.8.bz2,213.10344827586204
/home/gustavo/ic2024/data/set2/C1/BPPC_1_0_2.txt_0.9.bz2,213.10344827586206
/home/gustavo/ic2024/data/set2/C1/BPPC_1_0_3.txt_0.2.bz2,214.99999999999997
/home/gustavo/ic2024/data/set2/C1/BPPC_1_0_3.txt_0.3.bz2,213.44827586206895
/home/gustavo/ic2024/data/set2/C1/BPPC_1_0_3.txt_0.4.bz2,213.2142857142857
/home/gustavo/ic2024/data/set2/C1/BPPC_1_0_3.txt_0.5.bz2,213.21428571428572
/home/gustavo/ic2024/data/set2/C1/BPPC_1_0_3.txt_0.6.bz2,213.2142857142857
/home/gustavo/ic2024/data/set2/C1/BPPC_1_0_3.txt_0.7.bz2,213.2142857142857
/home/gustavo/ic2024/data/set2/C1/BPPC_1_0_4.txt_0.1.bz2,215.00000000000003
/home/gustavo/ic2024/data/set2/C1/BPPC_1_0_3.txt_0.8.bz2,213.2142857142857
/home/gustavo/ic2024/data/set2/C1/BPPC_1_0_4.txt_0.2.bz2,212.18181818181822
/home/gustavo/ic2024/data/set2/C1/BPPC_1_0_3.txt_0.9.bz2,213.21428571428572
/home/gustavo/ic2024/data/set2/C1/BPPC_1_0_4.txt_0.3.bz2,212.5
/home/gustavo/ic2024/data/set2/C1/BPPC_1_0_4.txt_0.4.bz2,211.4864864864865
/home/gustavo/ic2024/data/set2/C1/BPPC_1_0_4.txt_0.5.bz2,211.07142857142856
/home/gustavo/ic2024/data/set2/C1/BPPC_1_0_4.txt_0.6.bz2,211.07142857142858
/home/gustavo/ic2024/data/set2/C1/BPPC_1_0_4.txt_0.7.bz2,211.07142857142858
/home/gustavo/ic2024/data/set2/C1/BPPC_1_0_5.txt_0.1.bz2,222.5
/home/gustavo/ic2024/data/set2/C1/BPPC_1_0_4.txt_0.8.bz2,211.07142857142856
/home/gustavo/ic2024/data/set2/C1/BPPC_1_0_5.txt_0.2.bz2,218.33333333333334
/home/gustavo/ic2024/data/set2/C1/BPPC_1_0_4.txt_0.9.bz2,211.07142857142856
/home/gustavo/ic2024/data/set2/C1/BPPC_1_0_5.txt_0.3.bz2,217.1428571428571
/home/gustavo/ic2024/data/set2/C1/BPPC_1_0_5.txt_0.4.bz2,217.67857142857144
/home/gustavo/ic2024/data/set2/C1/BPPC_1_0_5.txt_0.5.bz2,217.14285714285714
/home/gustavo/ic2024/data/set2/C1/BPPC_1_0_5.txt_0.6.bz2,217.14285714285714
/home/gustavo/ic2024/data/set2/C1/BPPC_1_0_5.txt_0.7.bz2,217.14285714285717
/home/gustavo/ic2024/data/set2/C1/BPPC_1_0_6.txt_0.1.bz2,218.0769230769231
/home/gustavo/ic2024/data/set2/C1/BPPC_1_0_5.txt_0.8.bz2,217.14285714285714
/home/gustavo/ic2024/data/set2/C1/BPPC_1_0_6.txt_0.2.bz2,216.92307692307693
/home/gustavo/ic2024/data/set2/C1/BPPC_1_0_5.txt_0.9.bz2,217.14285714285714
/home/gustavo/ic2024/data/set2/C1/BPPC_1_0_6.txt_0.3.bz2,215.92592592592592
/home/gustavo/ic2024/data/set2/C1/BPPC_1_0_6.txt_0.4.bz2,214.12844036697248
/home/gustavo/ic2024/data/set2/C1/BPPC_1_0_6.txt_0.5.bz2,214.07407407407408
/home/gustavo/ic2024/data/set2/C1/BPPC_1_0_6.txt_0.6.bz2,214.07407407407408
/home/gustavo/ic2024/data/set2/C1/BPPC_1_0_6.txt_0.7.bz2,214.07407407407408
/home/gustavo/ic2024/data/set2/C1/BPPC_1_0_7.txt_0.1.bz2,215.92592592592592
/home/gustavo/ic2024/data/set2/C1/BPPC_1_0_6.txt_0.8.bz2,214.07407407407408
/home/gustavo/ic2024/data/set2/C1/BPPC_1_0_6.txt_0.9.bz2,214.0740740740741
/home/gustavo/ic2024/data/set2/C1/BPPC_1_0_7.txt_0.2.bz2,213.33333333333334
/home/gustavo/ic2024/data/set2/C1/BPPC_1_0_7.txt_0.3.bz2,214.48275862068965
/home/gustavo/ic2024/data/set2/C1/BPPC_1_0_7.txt_0.4.bz2,211.78571428571433
/home/gustavo/ic2024/data/set2/C1/BPPC_1_0_7.txt_0.5.bz2,211.97674418604655
/home/gustavo/ic2024/data/set2/C1/BPPC_1_0_7.txt_0.6.bz2,211.66666666666666
/home/gustavo/ic2024/data/set2/C1/BPPC_1_0_7.txt_0.7.bz2,211.66666666666669
/home/gustavo/ic2024/data/set2/C1/BPPC_1_0_8.txt_0.1.bz2,212.962962962963
/home/gustavo/ic2024/data/set2/C1/BPPC_1_0_7.txt_0.8.bz2,211.66666666666666
/home/gustavo/ic2024/data/set2/C1/BPPC_1_0_8.txt_0.2.bz2,212.33766233766232
/home/gustavo/ic2024/data/set2/C1/BPPC_1_0_7.txt_0.9.bz2,211.66666666666663
/home/gustavo/ic2024/data/set2/C1/BPPC_1_0_8.txt_0.3.bz2,207.64705882352945
/home/gustavo/ic2024/data/set2/C1/BPPC_1_0_8.txt_0.4.bz2,209.1428571428571
/home/gustavo/ic2024/data/set2/C1/BPPC_1_0_8.txt_0.5.bz2,207.64705882352942
/home/gustavo/ic2024/data/set2/C1/BPPC_1_0_8.txt_0.6.bz2,207.6470588235294
/home/gustavo/ic2024/data/set2/C1/BPPC_1_0_8.txt_0.7.bz2,207.64705882352945
/home/gustavo/ic2024/data/set2/C1/BPPC_1_0_9.txt_0.1.bz2,211.72413793103448
/home/gustavo/ic2024/data/set2/C1/BPPC_1_0_8.txt_0.8.bz2,207.64705882352942
/home/gustavo/ic2024/data/set2/C1/BPPC_1_0_9.txt_0.2.bz2,215.2941176470588
/home/gustavo/ic2024/data/set2/C1/BPPC_1_0_8.txt_0.9.bz2,207.64705882352942
/home/gustavo/ic2024/data/set2/C1/BPPC_1_0_9.txt_0.3.bz2,211.6666666666667
/home/gustavo/ic2024/data/set2/C1/BPPC_1_0_9.txt_0.4.bz2,211.55172413793105
/home/gustavo/ic2024/data/set2/C1/BPPC_1_0_9.txt_0.5.bz2,211.55172413793105
/home/gustavo/ic2024/data/set2/C1/BPPC_1_0_9.txt_0.6.bz2,211.55172413793102
/home/gustavo/ic2024/data/set2/C1/BPPC_1_0_9.txt_0.7.bz2,211.55172413793105
/home/gustavo/ic2024/data/set2/C1/BPPC_1_0_9.txt_0.8.bz2,211.55172413793102
/home/gustavo/ic2024/data/set2/C1/BPPC_2_0_10.txt_0.1.bz2,220.43478260869568
/home/gustavo/ic2024/data/set2/C1/BPPC_1_0_9.txt_0.9.bz2,211.55172413793105
/home/gustavo/ic2024/data/set2/C1/BPPC_2_0_10.txt_0.2.bz2,219.56521739130434
/home/gustavo/ic2024/data/set2/C1/BPPC_2_0_10.txt_0.3.bz2,218.3333333333333
/home/gustavo/ic2024/data/set2/C1/BPPC_2_0_10.txt_0.4.bz2,220
/home/gustavo/ic2024/data/set2/C1/BPPC_2_0_1.txt_0.1.bz2,220
/home/gustavo/ic2024/data/set2/C1/BPPC_2_0_1.txt_0.2.bz2,219.58333333333337
/home/gustavo/ic2024/data/set2/C1/BPPC_2_0_10.txt_0.5.bz2,218.33333333333331
/home/gustavo/ic2024/data/set2/C1/BPPC_2_0_10.txt_0.6.bz2,218.33333333333331
/home/gustavo/ic2024/data/set2/C1/BPPC_2_0_10.txt_0.7.bz2,218.33333333333331
/home/gustavo/ic2024/data/set2/C1/BPPC_2_0_1.txt_0.3.bz2,218.125
/home/gustavo/ic2024/data/set2/C1/BPPC_2_0_1.txt_0.4.bz2,218.125
/home/gustavo/ic2024/data/set2/C1/BPPC_2_0_10.txt_0.8.bz2,218.33333333333331
/home/gustavo/ic2024/data/set2/C1/BPPC_2_0_1.txt_0.5.bz2,218.125
/home/gustavo/ic2024/data/set2/C1/BPPC_2_0_10.txt_0.9.bz2,218.3333333333333
/home/gustavo/ic2024/data/set2/C1/BPPC_2_0_2.txt_0.1.bz2,219.58333333333331
/home/gustavo/ic2024/data/set2/C1/BPPC_2_0_2.txt_0.2.bz2,218
/home/gustavo/ic2024/data/set2/C1/BPPC_2_0_1.txt_0.6.bz2,218.12500000000003
/home/gustavo/ic2024/data/set2/C1/BPPC_2_0_2.txt_0.3.bz2,216.40000000000003
/home/gustavo/ic2024/data/set2/C1/BPPC_2_0_1.txt_0.7.bz2,218.12499999999997
/home/gustavo/ic2024/data/set2/C1/BPPC_2_0_2.txt_0.4.bz2,216.40000000000003
/home/gustavo/ic2024/data/set2/C1/BPPC_2_0_1.txt_0.8.bz2,218.12499999999997
/home/gustavo/ic2024/data/set2/C1/BPPC_2_0_1.txt_0.9.bz2,218.125
/home/gustavo/ic2024/data/set2/C1/BPPC_2_0_2.txt_0.5.bz2,216.40000000000003
/home/gustavo/ic2024/data/set2/C1/BPPC_2_0_3.txt_0.1.bz2,224.2857142857143
/home/gustavo/ic2024/data/set2/C1/BPPC_2_0_3.txt_0.2.bz2,222.83783783783784
/home/gustavo/ic2024/data/set2/C1/BPPC_2_0_2.txt_0.6.bz2,216.40000000000006
/home/gustavo/ic2024/data/set2/C1/BPPC_2_0_2.txt_0.7.bz2,216.4
/home/gustavo/ic2024/data/set2/C1/BPPC_2_0_3.txt_0.3.bz2,222.17391304347825
/home/gustavo/ic2024/data/set2/C1/BPPC_2_0_3.txt_0.4.bz2,222.17391304347828
/home/gustavo/ic2024/data/set2/C1/BPPC_2_0_2.txt_0.8.bz2,216.40000000000003
/home/gustavo/ic2024/data/set2/C1/BPPC_2_0_3.txt_0.5.bz2,222.17391304347828
/home/gustavo/ic2024/data/set2/C1/BPPC_2_0_2.txt_0.9.bz2,216.4
/home/gustavo/ic2024/data/set2/C1/BPPC_2_0_4.txt_0.1.bz2,219.56521739130437
/home/gustavo/ic2024/data/set2/C1/BPPC_2_0_3.txt_0.6.bz2,222.17391304347828
/home/gustavo/ic2024/data/set2/C1/BPPC_2_0_4.txt_0.2.bz2,219.78723404255322
/home/gustavo/ic2024/data/set2/C1/BPPC_2_0_3.txt_0.7.bz2,222.17391304347828
/home/gustavo/ic2024/data/set2/C1/BPPC_2_0_4.txt_0.3.bz2,218.74999999999997
/home/gustavo/ic2024/data/set2/C1/BPPC_2_0_3.txt_0.8.bz2,222.17391304347825
/home/gustavo/ic2024/data/set2/C1/BPPC_2_0_4.txt_0.4.bz2,218.03278688524588
/home/gustavo/ic2024/data/set2/C1/BPPC_2_0_3.txt_0.9.bz2,222.17391304347825
/home/gustavo/ic2024/data/set2/C1/BPPC_2_0_4.txt_0.5.bz2,217.91666666666663
/home/gustavo/ic2024/data/set2/C1/BPPC_2_0_5.txt_0.1.bz2,223.33333333333334
/home/gustavo/ic2024/data/set2/C1/BPPC_2_0_4.txt_0.6.bz2,217.91666666666666
/home/gustavo/ic2024/data/set2/C1/BPPC_2_0_5.txt_0.2.bz2,223.33333333333334
/home/gustavo/ic2024/data/set2/C1/BPPC_2_0_4.txt_0.7.bz2,217.91666666666666
/home/gustavo/ic2024/data/set2/C1/BPPC_2_0_5.txt_0.3.bz2,221.52173913043478
/home/gustavo/ic2024/data/set2/C1/BPPC_2_0_4.txt_0.8.bz2,217.91666666666666
/home/gustavo/ic2024/data/set2/C1/BPPC_2_0_5.txt_0.4.bz2,221.6428571428571
/home/gustavo/ic2024/data/set2/C1/BPPC_2_0_4.txt_0.9.bz2,217.91666666666666
/home/gustavo/ic2024/data/set2/C1/BPPC_2_0_5.txt_0.5.bz2,221.52173913043478
/home/gustavo/ic2024/data/set2/C1/BPPC_2_0_6.txt_0.1.bz2,219.56521739130437
/home/gustavo/ic2024/data/set2/C1/BPPC_2_0_6.txt_0.2.bz2,218.33333333333331
/home/gustavo/ic2024/data/set2/C1/BPPC_2_0_5.txt_0.6.bz2,221.52173913043478
/home/gustavo/ic2024/data/set2/C1/BPPC_2_0_5.txt_0.7.bz2,221.52173913043478
/home/gustavo/ic2024/data/set2/C1/BPPC_2_0_6.txt_0.3.bz2,217.69230769230765
/home/gustavo/ic2024/data/set2/C1/BPPC_2_0_6.txt_0.4.bz2,217.29166666666666
/home/gustavo/ic2024/data/set2/C1/BPPC_2_0_5.txt_0.8.bz2,221.52173913043475
/home/gustavo/ic2024/data/set2/C1/BPPC_2_0_5.txt_0.9.bz2,221.52173913043478
/home/gustavo/ic2024/data/set2/C1/BPPC_2_0_6.txt_0.5.bz2,217.29166666666663
/home/gustavo/ic2024/data/set2/C1/BPPC_2_0_7.txt_0.1.bz2,221.73913043478262
/home/gustavo/ic2024/data/set2/C1/BPPC_2_0_7.txt_0.2.bz2,220.79999999999998
/home/gustavo/ic2024/data/set2/C1/BPPC_2_0_6.txt_0.6.bz2,217.29166666666666
/home/gustavo/ic2024/data/set2/C1/BPPC_2_0_7.txt_0.3.bz2,220
/home/gustavo/ic2024/data/set2/C1/BPPC_2_0_6.txt_0.7.bz2,217.29166666666663
/home/gustavo/ic2024/data/set2/C1/BPPC_2_0_6.txt_0.8.bz2,217.29166666666666
/home/gustavo/ic2024/data/set2/C1/BPPC_2_0_7.txt_0.4.bz2,219.99999999999997
/home/gustavo/ic2024/data/set2/C1/BPPC_2_0_8.txt_0.1.bz2,220.43478260869568
/home/gustavo/ic2024/data/set2/C1/BPPC_2_0_6.txt_0.9.bz2,217.29166666666666
/home/gustavo/ic2024/data/set2/C1/BPPC_2_0_7.txt_0.5.bz2,220.20833333333331
/home/gustavo/ic2024/data/set2/C1/BPPC_2_0_8.txt_0.2.bz2,219.16666666666666
/home/gustavo/ic2024/data/set2/C1/BPPC_2_0_7.txt_0.6.bz2,220
/home/gustavo/ic2024/data/set2/C1/BPPC_2_0_7.txt_0.7.bz2,220
/home/gustavo/ic2024/data/set2/C1/BPPC_2_0_8.txt_0.3.bz2,217.5
/home/gustavo/ic2024/data/set2/C1/BPPC_2_0_7.txt_0.8.bz2,219.99999999999997
/home/gustavo/ic2024/data/set2/C1/BPPC_2_0_8.txt_0.4.bz2,217.29166666666666
/home/gustavo/ic2024/data/set2/C1/BPPC_2_0_7.txt_0.9.bz2,219.99999999999997
/home/gustavo/ic2024/data/set2/C1/BPPC_2_0_8.txt_0.5.bz2,217.29166666666663
/home/gustavo/ic2024/data/set2/C1/BPPC_2_0_9.txt_0.1.bz2,216.53846153846155
/home/gustavo/ic2024/data/set2/C1/BPPC_2_0_8.txt_0.6.bz2,217.29166666666669
/home/gustavo/ic2024/data/set2/C1/BPPC_2_0_9.txt_0.2.bz2,217.08333333333334
/home/gustavo/ic2024/data/set2/C1/BPPC_2_0_8.txt_0.7.bz2,217.29166666666669
/home/gustavo/ic2024/data/set2/C1/BPPC_2_0_9.txt_0.3.bz2,215.17241379310343
/home/gustavo/ic2024/data/set2/C1/BPPC_2_0_9.txt_0.4.bz2,214.64285714285714
/home/gustavo/ic2024/data/set2/C1/BPPC_2_0_8.txt_0.8.bz2,217.29166666666666
/home/gustavo/ic2024/data/set2/C1/BPPC_2_0_8.txt_0.9.bz2,217.29166666666663
/home/gustavo/ic2024/data/set2/C1/BPPC_2_0_9.txt_0.5.bz2,213.88888888888889
/home/gustavo/ic2024/data/set2/C1/BPPC_2_0_9.txt_0.6.bz2,213.88888888888889
/home/gustavo/ic2024/data/set2/C1/BPPC_3_0_10.txt_0.1.bz2,222.72727272727272
/home/gustavo/ic2024/data/set2/C1/BPPC_2_0_9.txt_0.7.bz2,213.88888888888889
/home/gustavo/ic2024/data/set2/C1/BPPC_2_0_9.txt_0.8.bz2,213.88888888888889
/home/gustavo/ic2024/data/set2/C1/BPPC_2_0_9.txt_0.9.bz2,213.8888888888889
/home/gustavo/ic2024/data/set2/C1/BPPC_3_0_10.txt_0.2.bz2,221.73913043478262
/home/gustavo/ic2024/data/set2/C1/BPPC_3_0_1.txt_0.1.bz2,222.7272727272727
/home/gustavo/ic2024/data/set2/C1/BPPC_3_0_10.txt_0.3.bz2,221.73913043478262
/home/gustavo/ic2024/data/set2/C1/BPPC_3_0_10.txt_0.4.bz2,220.8695652173913
/home/gustavo/ic2024/data/set2/C1/BPPC_3_0_1.txt_0.2.bz2,222.11267605633802
/home/gustavo/ic2024/data/set2/C1/BPPC_3_0_10.txt_0.5.bz2,220.86956521739128
/home/gustavo/ic2024/data/set2/C1/BPPC_3_0_1.txt_0.3.bz2,221.52173913043475
/home/gustavo/ic2024/data/set2/C1/BPPC_3_0_10.txt_0.6.bz2,220.8695652173913
/home/gustavo/ic2024/data/set2/C1/BPPC_3_0_1.txt_0.4.bz2,221.30434782608697
/home/gustavo/ic2024/data/set2/C1/BPPC_3_0_10.txt_0.7.bz2,220.86956521739128
/home/gustavo/ic2024/data/set2/C1/BPPC_3_0_2.txt_0.1.bz2,224.76190476190476
/home/gustavo/ic2024/data/set2/C1/BPPC_3_0_10.txt_0.8.bz2,220.8695652173913
/home/gustavo/ic2024/data/set2/C1/BPPC_3_0_1.txt_0.5.bz2,221.30434782608697
/home/gustavo/ic2024/data/set2/C1/BPPC_3_0_10.txt_0.9.bz2,220.86956521739128
/home/gustavo/ic2024/data/set2/C1/BPPC_3_0_2.txt_0.2.bz2,223.8095238095238
/home/gustavo/ic2024/data/set2/C1/BPPC_3_0_1.txt_0.6.bz2,221.30434782608697
/home/gustavo/ic2024/data/set2/C1/BPPC_3_0_2.txt_0.3.bz2,223.80952380952382
/home/gustavo/ic2024/data/set2/C1/BPPC_3_0_1.txt_0.7.bz2,221.30434782608697
/home/gustavo/ic2024/data/set2/C1/BPPC_3_0_2.txt_0.4.bz2,223.75
/home/gustavo/ic2024/data/set2/C1/BPPC_3_0_3.txt_0.1.bz2,223.80952380952382
/home/gustavo/ic2024/data/set2/C1/BPPC_3_0_2.txt_0.5.bz2,223.57142857142858
/home/gustavo/ic2024/data/set2/C1/BPPC_3_0_1.txt_0.8.bz2,221.30434782608694
/home/gustavo/ic2024/data/set2/C1/BPPC_3_0_3.txt_0.2.bz2,222.85714285714286
/home/gustavo/ic2024/data/set2/C1/BPPC_3_0_2.txt_0.6.bz2,223.57142857142858
/home/gustavo/ic2024/data/set2/C1/BPPC_3_0_1.txt_0.9.bz2,221.30434782608694
/home/gustavo/ic2024/data/set2/C1/BPPC_3_0_3.txt_0.3.bz2,222.72727272727272
/home/gustavo/ic2024/data/set2/C1/BPPC_3_0_2.txt_0.7.bz2,223.57142857142858
/home/gustavo/ic2024/data/set2/C1/BPPC_3_0_3.txt_0.4.bz2,222.72727272727275
/home/gustavo/ic2024/data/set2/C1/BPPC_3_0_4.txt_0.1.bz2,223.1818181818182
/home/gustavo/ic2024/data/set2/C1/BPPC_3_0_2.txt_0.8.bz2,223.57142857142858
/home/gustavo/ic2024/data/set2/C1/BPPC_3_0_3.txt_0.5.bz2,222.7272727272727
/home/gustavo/ic2024/data/set2/C1/BPPC_3_0_2.txt_0.9.bz2,223.57142857142858
/home/gustavo/ic2024/data/set2/C1/BPPC_3_0_4.txt_0.2.bz2,222.24719101123594
/home/gustavo/ic2024/data/set2/C1/BPPC_3_0_3.txt_0.6.bz2,222.7272727272727
/home/gustavo/ic2024/data/set2/C1/BPPC_3_0_4.txt_0.3.bz2,221.74193548387095
/home/gustavo/ic2024/data/set2/C1/BPPC_3_0_3.txt_0.7.bz2,222.7272727272727
/home/gustavo/ic2024/data/set2/C1/BPPC_3_0_4.txt_0.4.bz2,221.59090909090907
/home/gustavo/ic2024/data/set2/C1/BPPC_3_0_5.txt_0.1.bz2,220.90909090909088
/home/gustavo/ic2024/data/set2/C1/BPPC_3_0_3.txt_0.8.bz2,222.7272727272727
/home/gustavo/ic2024/data/set2/C1/BPPC_3_0_4.txt_0.5.bz2,221.5909090909091
/home/gustavo/ic2024/data/set2/C1/BPPC_3_0_3.txt_0.9.bz2,222.7272727272727
/home/gustavo/ic2024/data/set2/C1/BPPC_3_0_4.txt_0.6.bz2,221.59090909090907
/home/gustavo/ic2024/data/set2/C1/BPPC_3_0_5.txt_0.2.bz2,220.65217391304347
/home/gustavo/ic2024/data/set2/C1/BPPC_3_0_5.txt_0.3.bz2,220.2173913043478
/home/gustavo/ic2024/data/set2/C1/BPPC_3_0_4.txt_0.7.bz2,221.59090909090907
/home/gustavo/ic2024/data/set2/C1/BPPC_3_0_5.txt_0.4.bz2,220
/home/gustavo/ic2024/data/set2/C1/BPPC_3_0_6.txt_0.1.bz2,223.1818181818182
/home/gustavo/ic2024/data/set2/C1/BPPC_3_0_5.txt_0.5.bz2,220
/home/gustavo/ic2024/data/set2/C1/BPPC_3_0_4.txt_0.8.bz2,221.5909090909091
/home/gustavo/ic2024/data/set2/C1/BPPC_3_0_6.txt_0.2.bz2,222.66666666666666
/home/gustavo/ic2024/data/set2/C1/BPPC_3_0_4.txt_0.9.bz2,221.5909090909091
/home/gustavo/ic2024/data/set2/C1/BPPC_3_0_5.txt_0.6.bz2,219.99999999999994
/home/gustavo/ic2024/data/set2/C1/BPPC_3_0_5.txt_0.7.bz2,220
/home/gustavo/ic2024/data/set2/C1/BPPC_3_0_6.txt_0.3.bz2,222.3913043478261
/home/gustavo/ic2024/data/set2/C1/BPPC_3_0_6.txt_0.4.bz2,222
/home/gustavo/ic2024/data/set2/C1/BPPC_3_0_6.txt_0.5.bz2,221.8181818181818
/home/gustavo/ic2024/data/set2/C1/BPPC_3_0_7.txt_0.1.bz2,223.47826086956525
/home/gustavo/ic2024/data/set2/C1/BPPC_3_0_5.txt_0.8.bz2,219.99999999999997
/home/gustavo/ic2024/data/set2/C1/BPPC_3_0_5.txt_0.9.bz2,220
/home/gustavo/ic2024/data/set2/C1/BPPC_3_0_7.txt_0.2.bz2,221.7391304347826
/home/gustavo/ic2024/data/set2/C1/BPPC_3_0_6.txt_0.6.bz2,221.8181818181818
/home/gustavo/ic2024/data/set2/C1/BPPC_3_0_6.txt_0.7.bz2,221.8181818181818
/home/gustavo/ic2024/data/set2/C1/BPPC_3_0_7.txt_0.3.bz2,221.36842105263162
/home/gustavo/ic2024/data/set2/C1/BPPC_3_0_7.txt_0.4.bz2,221.08695652173913
/home/gustavo/ic2024/data/set2/C1/BPPC_3_0_8.txt_0.1.bz2,223.1818181818182
/home/gustavo/ic2024/data/set2/C1/BPPC_3_0_7.txt_0.5.bz2,221.0869565217391
/home/gustavo/ic2024/data/set2/C1/BPPC_3_0_6.txt_0.8.bz2,221.8181818181818
/home/gustavo/ic2024/data/set2/C1/BPPC_3_0_7.txt_0.6.bz2,221.08695652173913
/home/gustavo/ic2024/data/set2/C1/BPPC_3_0_8.txt_0.2.bz2,223.18181818181813
/home/gustavo/ic2024/data/set2/C1/BPPC_3_0_6.txt_0.9.bz2,221.8181818181818
/home/gustavo/ic2024/data/set2/C1/BPPC_3_0_8.txt_0.3.bz2,222.24719101123597
/home/gustavo/ic2024/data/set2/C1/BPPC_3_0_8.txt_0.4.bz2,222.27272727272725
/home/gustavo/ic2024/data/set2/C1/BPPC_3_0_7.txt_0.7.bz2,221.0869565217391
/home/gustavo/ic2024/data/set2/C1/BPPC_3_0_9.txt_0.1.bz2,222.85714285714286
/home/gustavo/ic2024/data/set2/C1/BPPC_3_0_7.txt_0.8.bz2,221.08695652173913
/home/gustavo/ic2024/data/set2/C1/BPPC_3_0_8.txt_0.5.bz2,222.04545454545453
/home/gustavo/ic2024/data/set2/C1/BPPC_3_0_9.txt_0.2.bz2,222.49999999999997
/home/gustavo/ic2024/data/set2/C1/BPPC_3_0_7.txt_0.9.bz2,221.08695652173913
/home/gustavo/ic2024/data/set2/C1/BPPC_3_0_8.txt_0.6.bz2,222.04545454545453
/home/gustavo/ic2024/data/set2/C1/BPPC_3_0_9.txt_0.3.bz2,222.5
/home/gustavo/ic2024/data/set2/C1/BPPC_3_0_8.txt_0.7.bz2,222.04545454545453
/home/gustavo/ic2024/data/set2/C1/BPPC_3_0_9.txt_0.4.bz2,222.38095238095238
/home/gustavo/ic2024/data/set2/C1/BPPC_3_0_9.txt_0.5.bz2,222.40157480314963
/home/gustavo/ic2024/data/set2/C1/BPPC_3_0_8.txt_0.8.bz2,222.04545454545456
/home/gustavo/ic2024/data/set2/C1/BPPC_3_0_9.txt_0.6.bz2,222.39644970414201
/home/gustavo/ic2024/data/set2/C1/BPPC_3_0_8.txt_0.9.bz2,222.04545454545453
/home/gustavo/ic2024/data/set2/C1/BPPC_3_0_9.txt_0.7.bz2,222.38095238095238
/home/gustavo/ic2024/data/set2/C1/BPPC_3_0_9.txt_0.8.bz2,222.38095238095238
/home/gustavo/ic2024/data/set2/C1/BPPC_3_0_9.txt_0.9.bz2,222.38095238095238
/home/gustavo/ic2024/data/set2/C1/BPPC_4_0_10.txt_0.2.bz2,223.80952380952382
/home/gustavo/ic2024/data/set2/C1/BPPC_4_0_10.txt_0.3.bz2,223.33333333333334
/home/gustavo/ic2024/data/set2/C1/BPPC_4_0_10.txt_0.4.bz2,223.33333333333334
/home/gustavo/ic2024/data/set2/C1/BPPC_4_0_10.txt_0.5.bz2,223.33333333333334
/home/gustavo/ic2024/data/set2/C1/BPPC_4_0_1.txt_0.2.bz2,224.76190476190476
/home/gustavo/ic2024/data/set2/C1/BPPC_4_0_10.txt_0.6.bz2,223.33333333333334
/home/gustavo/ic2024/data/set2/C1/BPPC_4_0_10.txt_0.1.bz2,224.7619047619048
/home/gustavo/ic2024/data/set2/C1/BPPC_4_0_10.txt_0.7.bz2,223.33333333333334
/home/gustavo/ic2024/data/set2/C1/BPPC_4_0_1.txt_0.3.bz2,224.7619047619048
/home/gustavo/ic2024/data/set2/C1/BPPC_4_0_10.txt_0.8.bz2,223.33333333333334
/home/gustavo/ic2024/data/set2/C1/BPPC_4_0_1.txt_0.4.bz2,224.76190476190476
/home/gustavo/ic2024/data/set2/C1/BPPC_4_0_10.txt_0.9.bz2,223.33333333333334
/home/gustavo/ic2024/data/set2/C1/BPPC_4_0_1.txt_0.5.bz2,224.76190476190476
/home/gustavo/ic2024/data/set2/C1/BPPC_4_0_2.txt_0.2.bz2,224.52380952380955
/home/gustavo/ic2024/data/set2/C1/BPPC_4_0_1.txt_0.6.bz2,224.7619047619048
/home/gustavo/ic2024/data/set2/C1/BPPC_4_0_1.txt_0.7.bz2,224.76190476190476
/home/gustavo/ic2024/data/set2/C1/BPPC_4_0_1.txt_0.1.bz2,225
/home/gustavo/ic2024/data/set2/C1/BPPC_4_0_1.txt_0.8.bz2,224.76190476190476
/home/gustavo/ic2024/data/set2/C1/BPPC_4_0_2.txt_0.3.bz2,224.28571428571428
/home/gustavo/ic2024/data/set2/C1/BPPC_4_0_2.txt_0.4.bz2,224.2857142857143
/home/gustavo/ic2024/data/set2/C1/BPPC_4_0_1.txt_0.9.bz2,224.76190476190476
/home/gustavo/ic2024/data/set2/C1/BPPC_4_0_2.txt_0.5.bz2,224.2857142857143
/home/gustavo/ic2024/data/set2/C1/BPPC_4_0_3.txt_0.2.bz2,223.80952380952382
/home/gustavo/ic2024/data/set2/C1/BPPC_4_0_2.txt_0.6.bz2,224.2857142857143
/home/gustavo/ic2024/data/set2/C1/BPPC_4_0_2.txt_0.1.bz2,225
/home/gustavo/ic2024/data/set2/C1/BPPC_4_0_3.txt_0.3.bz2,222.85714285714286
/home/gustavo/ic2024/data/set2/C1/BPPC_4_0_2.txt_0.7.bz2,224.2857142857143
/home/gustavo/ic2024/data/set2/C1/BPPC_4_0_2.txt_0.8.bz2,224.2857142857143
/home/gustavo/ic2024/data/set2/C1/BPPC_4_0_3.txt_0.4.bz2,222.85714285714286
/home/gustavo/ic2024/data/set2/C1/BPPC_4_0_2.txt_0.9.bz2,224.28571428571428
/home/gustavo/ic2024/data/set2/C1/BPPC_4_0_3.txt_0.5.bz2,223.2558139534884
/home/gustavo/ic2024/data/set2/C1/BPPC_4_0_4.txt_0.2.bz2,224.2857142857143
/home/gustavo/ic2024/data/set2/C1/BPPC_4_0_3.txt_0.6.bz2,222.85714285714286
/home/gustavo/ic2024/data/set2/C1/BPPC_4_0_3.txt_0.7.bz2,222.85714285714286
/home/gustavo/ic2024/data/set2/C1/BPPC_4_0_4.txt_0.3.bz2,224.04761904761907
/home/gustavo/ic2024/data/set2/C1/BPPC_4_0_3.txt_0.1.bz2,223.80952380952382
/home/gustavo/ic2024/data/set2/C1/BPPC_4_0_4.txt_0.4.bz2,224.04761904761904
/home/gustavo/ic2024/data/set2/C1/BPPC_4_0_3.txt_0.8.bz2,222.85714285714286
/home/gustavo/ic2024/data/set2/C1/BPPC_4_0_4.txt_0.1.bz2,225
/home/gustavo/ic2024/data/set2/C1/BPPC_4_0_4.txt_0.5.bz2,224.04761904761907
/home/gustavo/ic2024/data/set2/C1/BPPC_4_0_3.txt_0.9.bz2,222.85714285714286
/home/gustavo/ic2024/data/set2/C1/BPPC_4_0_5.txt_0.2.bz2,223.33333333333334
/home/gustavo/ic2024/data/set2/C1/BPPC_4_0_4.txt_0.6.bz2,224.04761904761907
/home/gustavo/ic2024/data/set2/C1/BPPC_4_0_4.txt_0.7.bz2,224.04761904761907
/home/gustavo/ic2024/data/set2/C1/BPPC_4_0_5.txt_0.3.bz2,223.75838926174492
/home/gustavo/ic2024/data/set2/C1/BPPC_4_0_5.txt_0.4.bz2,223.64705882352945
/home/gustavo/ic2024/data/set2/C1/BPPC_4_0_4.txt_0.8.bz2,224.04761904761907
/home/gustavo/ic2024/data/set2/C1/BPPC_4_0_5.txt_0.1.bz2,224.2857142857143
/home/gustavo/ic2024/data/set2/C1/BPPC_4_0_5.txt_0.5.bz2,223.0952380952381
/home/gustavo/ic2024/data/set2/C1/BPPC_4_0_4.txt_0.9.bz2,224.04761904761907
/home/gustavo/ic2024/data/set2/C1/BPPC_4_0_5.txt_0.6.bz2,223.0952380952381
/home/gustavo/ic2024/data/set2/C1/BPPC_4_0_6.txt_0.2.bz2,224.28571428571428
/home/gustavo/ic2024/data/set2/C1/BPPC_4_0_6.txt_0.3.bz2,224.2857142857143
/home/gustavo/ic2024/data/set2/C1/BPPC_4_0_5.txt_0.7.bz2,223.0952380952381
/home/gustavo/ic2024/data/set2/C1/BPPC_4_0_6.txt_0.4.bz2,224.28571428571428
/home/gustavo/ic2024/data/set2/C1/BPPC_4_0_5.txt_0.8.bz2,223.0952380952381
/home/gustavo/ic2024/data/set2/C1/BPPC_4_0_6.txt_0.5.bz2,224.2857142857143
/home/gustavo/ic2024/data/set2/C1/BPPC_4_0_5.txt_0.9.bz2,223.0952380952381
/home/gustavo/ic2024/data/set2/C1/BPPC_4_0_6.txt_0.6.bz2,224.2857142857143
/home/gustavo/ic2024/data/set2/C1/BPPC_4_0_7.txt_0.2.bz2,225
/home/gustavo/ic2024/data/set2/C1/BPPC_4_0_6.txt_0.1.bz2,225
/home/gustavo/ic2024/data/set2/C1/BPPC_4_0_7.txt_0.3.bz2,225
/home/gustavo/ic2024/data/set2/C1/BPPC_4_0_6.txt_0.7.bz2,224.2857142857143
/home/gustavo/ic2024/data/set2/C1/BPPC_4_0_6.txt_0.8.bz2,224.2857142857143
/home/gustavo/ic2024/data/set2/C1/BPPC_4_0_7.txt_0.4.bz2,225
/home/gustavo/ic2024/data/set2/C1/BPPC_4_0_7.txt_0.5.bz2,225
/home/gustavo/ic2024/data/set2/C1/BPPC_4_0_6.txt_0.9.bz2,224.2857142857143
/home/gustavo/ic2024/data/set2/C1/BPPC_4_0_7.txt_0.1.bz2,225
/home/gustavo/ic2024/data/set2/C1/BPPC_4_0_7.txt_0.6.bz2,225
/home/gustavo/ic2024/data/set2/C1/BPPC_4_0_8.txt_0.2.bz2,225
/home/gustavo/ic2024/data/set2/C1/BPPC_4_0_8.txt_0.3.bz2,225
/home/gustavo/ic2024/data/set2/C1/BPPC_4_0_7.txt_0.7.bz2,225
/home/gustavo/ic2024/data/set2/C1/BPPC_4_0_8.txt_0.4.bz2,225
/home/gustavo/ic2024/data/set2/C1/BPPC_4_0_7.txt_0.8.bz2,225
/home/gustavo/ic2024/data/set2/C1/BPPC_4_0_8.txt_0.5.bz2,225
/home/gustavo/ic2024/data/set2/C1/BPPC_4_0_7.txt_0.9.bz2,225
/home/gustavo/ic2024/data/set2/C1/BPPC_4_0_8.txt_0.6.bz2,225
/home/gustavo/ic2024/data/set2/C1/BPPC_4_0_9.txt_0.2.bz2,225
/home/gustavo/ic2024/data/set2/C1/BPPC_4_0_9.txt_0.3.bz2,225
/home/gustavo/ic2024/data/set2/C1/BPPC_4_0_8.txt_0.7.bz2,225
/home/gustavo/ic2024/data/set2/C1/BPPC_4_0_8.txt_0.8.bz2,225
/home/gustavo/ic2024/data/set2/C1/BPPC_4_0_9.txt_0.4.bz2,225
/home/gustavo/ic2024/data/set2/C1/BPPC_4_0_8.txt_0.1.bz2,225
/home/gustavo/ic2024/data/set2/C1/BPPC_4_0_8.txt_0.9.bz2,225
/home/gustavo/ic2024/data/set2/C1/BPPC_5_0_10.txt_0.1.bz2,1039.4881889763778
/home/gustavo/ic2024/data/set2/C1/BPPC_5_0_10.txt_0.2.bz2,1039.4881889763778
/home/gustavo/ic2024/data/set2/C1/BPPC_5_0_10.txt_0.3.bz2,1039.2635658914728
/home/gustavo/ic2024/data/set2/C1/BPPC_5_0_10.txt_0.4.bz2,1039.3050193050196
/home/gustavo/ic2024/data/set2/C1/BPPC_5_0_10.txt_0.5.bz2,1039.1954022988507
/home/gustavo/ic2024/data/set2/C1/BPPC_5_0_10.txt_0.6.bz2,1039.150579150579
/home/gustavo/ic2024/data/set2/C1/BPPC_5_0_10.txt_0.7.bz2,1039.1505791505795
/home/gustavo/ic2024/data/set2/C1/BPPC_5_0_10.txt_0.8.bz2,1039.1505791505792
/home/gustavo/ic2024/data/set2/C1/BPPC_5_0_10.txt_0.9.bz2,1039.1505791505788
/home/gustavo/ic2024/data/set2/C1/BPPC_5_0_1.txt_0.1.bz2,1039.7222222222222
/home/gustavo/ic2024/data/set2/C1/BPPC_5_0_1.txt_0.2.bz2,1039.7222222222222
/home/gustavo/ic2024/data/set2/C1/BPPC_5_0_1.txt_0.3.bz2,1039.3822393822395
/home/gustavo/ic2024/data/set2/C1/BPPC_5_0_1.txt_0.4.bz2,1039.5686274509803
/home/gustavo/ic2024/data/set2/C1/BPPC_5_0_1.txt_0.5.bz2,1039.4594594594596
/home/gustavo/ic2024/data/set2/C1/BPPC_5_0_1.txt_0.6.bz2,1039.3666026871404
/home/gustavo/ic2024/data/set2/C1/BPPC_5_0_1.txt_0.7.bz2,1039.362934362934
/home/gustavo/ic2024/data/set2/C1/BPPC_5_0_1.txt_0.8.bz2,1039.3629343629343
/home/gustavo/ic2024/data/set2/C1/BPPC_5_0_1.txt_0.9.bz2,1039.362934362934
/home/gustavo/ic2024/data/set2/C1/BPPC_5_0_2.txt_0.1.bz2,1039.6850393700786
/home/gustavo/ic2024/data/set2/C1/BPPC_4_0_9.txt_0.5.bz2,225
/home/gustavo/ic2024/data/set2/C1/BPPC_5_0_2.txt_0.2.bz2,1039.5294117647059
/home/gustavo/ic2024/data/set2/C1/BPPC_5_0_2.txt_0.3.bz2,1039.4552529182881
/home/gustavo/ic2024/data/set2/C1/BPPC_5_0_2.txt_0.4.bz2,1039.398058252427
/home/gustavo/ic2024/data/set2/C1/BPPC_5_0_2.txt_0.5.bz2,1039.5686274509803
/home/gustavo/ic2024/data/set2/C1/BPPC_5_0_2.txt_0.6.bz2,1039.360465116279
/home/gustavo/ic2024/data/set2/C1/BPPC_5_0_2.txt_0.7.bz2,1039.3410852713178
/home/gustavo/ic2024/data/set2/C1/BPPC_5_0_2.txt_0.8.bz2,1039.3410852713178
/home/gustavo/ic2024/data/set2/C1/BPPC_5_0_2.txt_0.9.bz2,1039.3410852713178
/home/gustavo/ic2024/data/set2/C1/BPPC_5_0_3.txt_0.1.bz2,1039.9601593625498
/home/gustavo/ic2024/data/set2/C1/BPPC_5_0_3.txt_0.2.bz2,1039.9601593625498
/home/gustavo/ic2024/data/set2/C1/BPPC_5_0_3.txt_0.3.bz2,1039.8814229249012
/home/gustavo/ic2024/data/set2/C1/BPPC_5_0_3.txt_0.4.bz2,1039.803149606299
/home/gustavo/ic2024/data/set2/C1/BPPC_5_0_3.txt_0.5.bz2,1039.8809523809525
/home/gustavo/ic2024/data/set2/C1/BPPC_5_0_3.txt_0.6.bz2,1039.803149606299
/home/gustavo/ic2024/data/set2/C1/BPPC_5_0_3.txt_0.7.bz2,1039.803149606299
/home/gustavo/ic2024/data/set2/C1/BPPC_5_0_3.txt_0.8.bz2,1039.803149606299
/home/gustavo/ic2024/data/set2/C1/BPPC_5_0_3.txt_0.9.bz2,1039.803149606299
/home/gustavo/ic2024/data/set2/C1/BPPC_5_0_4.txt_0.1.bz2,1039.7637795275589
/home/gustavo/ic2024/data/set2/C1/BPPC_5_0_4.txt_0.2.bz2,1039.6
/home/gustavo/ic2024/data/set2/C1/BPPC_5_0_4.txt_0.3.bz2,1039.4921875
/home/gustavo/ic2024/data/set2/C1/BPPC_5_0_4.txt_0.4.bz2,1039.5906432748538
/home/gustavo/ic2024/data/set2/C1/BPPC_5_0_4.txt_0.5.bz2,1039.4931773879143
/home/gustavo/ic2024/data/set2/C1/BPPC_5_0_4.txt_0.6.bz2,1039.4941634241247
/home/gustavo/ic2024/data/set2/C1/BPPC_5_0_4.txt_0.7.bz2,1039.5084087968953
/home/gustavo/ic2024/data/set2/C1/BPPC_5_0_4.txt_0.8.bz2,1039.4921875
/home/gustavo/ic2024/data/set2/C1/BPPC_5_0_4.txt_0.9.bz2,1039.4921875
/home/gustavo/ic2024/data/set2/C1/BPPC_5_0_5.txt_0.1.bz2,1039.8412698412699
/home/gustavo/ic2024/data/set2/C1/BPPC_5_0_5.txt_0.2.bz2,1039.8412698412699
/home/gustavo/ic2024/data/set2/C1/BPPC_5_0_5.txt_0.3.bz2,1039.8015873015872
/home/gustavo/ic2024/data/set2/C1/BPPC_5_0_5.txt_0.4.bz2,1039.7619047619048
/home/gustavo/ic2024/data/set2/C1/BPPC_5_0_5.txt_0.5.bz2,1039.723320158103
/home/gustavo/ic2024/data/set2/C1/BPPC_5_0_5.txt_0.6.bz2,1039.723320158103
/home/gustavo/ic2024/data/set2/C1/BPPC_5_0_5.txt_0.7.bz2,1039.7233201581028
/home/gustavo/ic2024/data/set2/C1/BPPC_5_0_5.txt_0.8.bz2,1039.723320158103
/home/gustavo/ic2024/data/set2/C1/BPPC_5_0_5.txt_0.9.bz2,1039.7233201581028
/home/gustavo/ic2024/data/set2/C1/BPPC_5_0_6.txt_0.1.bz2,1039.7619047619046
/home/gustavo/ic2024/data/set2/C1/BPPC_5_0_6.txt_0.2.bz2,1039.6850393700786
/home/gustavo/ic2024/data/set2/C1/BPPC_5_0_6.txt_0.3.bz2,1039.4980694980695
/home/gustavo/ic2024/data/set2/C1/BPPC_5_0_6.txt_0.4.bz2,1039.633204633205
/home/gustavo/ic2024/data/set2/C1/BPPC_5_0_6.txt_0.5.bz2,1039.3893129770993
/home/gustavo/ic2024/data/set2/C1/BPPC_4_0_9.txt_0.1.bz2,225
/home/gustavo/ic2024/data/set2/C1/BPPC_5_0_6.txt_0.6.bz2,1039.3869731800764
/home/gustavo/ic2024/data/set2/C1/BPPC_5_0_6.txt_0.7.bz2,1039.3869731800764
/home/gustavo/ic2024/data/set2/C1/BPPC_5_0_6.txt_0.8.bz2,1039.3869731800764
/home/gustavo/ic2024/data/set2/C1/BPPC_5_0_6.txt_0.9.bz2,1039.3869731800764
/home/gustavo/ic2024/data/set2/C1/BPPC_5_0_7.txt_0.1.bz2,1039.802371541502
/home/gustavo/ic2024/data/set2/C1/BPPC_5_0_7.txt_0.2.bz2,1039.802371541502
/home/gustavo/ic2024/data/set2/C1/BPPC_5_0_7.txt_0.3.bz2,1039.8814229249012
/home/gustavo/ic2024/data/set2/C1/BPPC_5_0_7.txt_0.4.bz2,1039.7254901960782
/home/gustavo/ic2024/data/set2/C1/BPPC_5_0_7.txt_0.5.bz2,1039.4827586206895
/home/gustavo/ic2024/data/set2/C1/BPPC_5_0_7.txt_0.6.bz2,1039.5057034220533
/home/gustavo/ic2024/data/set2/C1/BPPC_5_0_7.txt_0.7.bz2,1039.4827586206893
/home/gustavo/ic2024/data/set2/C1/BPPC_5_0_7.txt_0.8.bz2,1039.4827586206895
/home/gustavo/ic2024/data/set2/C1/BPPC_5_0_7.txt_0.9.bz2,1039.4827586206895
/home/gustavo/ic2024/data/set2/C1/BPPC_5_0_8.txt_0.1.bz2,1039.375
/home/gustavo/ic2024/data/set2/C1/BPPC_5_0_8.txt_0.2.bz2,1039.3461538461538
/home/gustavo/ic2024/data/set2/C1/BPPC_5_0_8.txt_0.3.bz2,1039.529411764706
/home/gustavo/ic2024/data/set2/C1/BPPC_4_0_9.txt_0.6.bz2,225
/home/gustavo/ic2024/data/set2/C1/BPPC_5_0_8.txt_0.4.bz2,1039.2115384615386
/home/gustavo/ic2024/data/set2/C1/BPPC_5_0_8.txt_0.5.bz2,1039.453125
/home/gustavo/ic2024/data/set2/C1/BPPC_5_0_8.txt_0.6.bz2,1039.4921875
/home/gustavo/ic2024/data/set2/C1/BPPC_5_0_8.txt_0.7.bz2,1039.153846153846
/home/gustavo/ic2024/data/set2/C1/BPPC_5_0_8.txt_0.8.bz2,1039.1538461538462
/home/gustavo/ic2024/data/set2/C1/BPPC_5_0_8.txt_0.9.bz2,1039.1538461538462
/home/gustavo/ic2024/data/set2/C1/BPPC_5_0_9.txt_0.1.bz2,1039.8809523809523
/home/gustavo/ic2024/data/set2/C1/BPPC_5_0_9.txt_0.2.bz2,1039.8809523809523
/home/gustavo/ic2024/data/set2/C1/BPPC_5_0_9.txt_0.3.bz2,1039.7637795275587
/home/gustavo/ic2024/data/set2/C1/BPPC_5_0_9.txt_0.4.bz2,1039.8015873015872
/home/gustavo/ic2024/data/set2/C1/BPPC_5_0_9.txt_0.5.bz2,1039.7637795275589
/home/gustavo/ic2024/data/set2/C1/BPPC_5_0_9.txt_0.6.bz2,1039.7637795275589
/home/gustavo/ic2024/data/set2/C1/BPPC_5_0_9.txt_0.7.bz2,1039.7637795275589
/home/gustavo/ic2024/data/set2/C1/BPPC_5_0_9.txt_0.8.bz2,1039.763779527559
/home/gustavo/ic2024/data/set2/C1/BPPC_5_0_9.txt_0.9.bz2,1039.7637795275589
/home/gustavo/ic2024/data/set2/C1/BPPC_6_0_10.txt_0.1.bz2,1040
/home/gustavo/ic2024/data/set2/C1/BPPC_6_0_10.txt_0.2.bz2,1040
/home/gustavo/ic2024/data/set2/C1/BPPC_6_0_10.txt_0.3.bz2,1040
/home/gustavo/ic2024/data/set2/C1/BPPC_6_0_10.txt_0.4.bz2,1040
/home/gustavo/ic2024/data/set2/C1/BPPC_6_0_10.txt_0.5.bz2,1039.9601593625496
/home/gustavo/ic2024/data/set2/C1/BPPC_6_0_10.txt_0.6.bz2,1039.9601593625498
/home/gustavo/ic2024/data/set2/C1/BPPC_6_0_10.txt_0.7.bz2,1039.9601593625498
/home/gustavo/ic2024/data/set2/C1/BPPC_6_0_10.txt_0.8.bz2,1039.9601593625498
/home/gustavo/ic2024/data/set2/C1/BPPC_6_0_1.txt_0.1.bz2,1039.8412698412696
/home/gustavo/ic2024/data/set2/C1/BPPC_6_0_10.txt_0.9.bz2,1039.9601593625498
/home/gustavo/ic2024/data/set2/C1/BPPC_6_0_1.txt_0.2.bz2,1039.8412698412699
/home/gustavo/ic2024/data/set2/C1/BPPC_6_0_1.txt_0.3.bz2,1039.8809523809523
/home/gustavo/ic2024/data/set2/C1/BPPC_6_0_1.txt_0.4.bz2,1039.8809523809525
/home/gustavo/ic2024/data/set2/C1/BPPC_6_0_1.txt_0.5.bz2,1039.8015873015875
/home/gustavo/ic2024/data/set2/C1/BPPC_6_0_1.txt_0.6.bz2,1039.8289473684206
/home/gustavo/ic2024/data/set2/C1/BPPC_6_0_1.txt_0.7.bz2,1039.8015873015872
/home/gustavo/ic2024/data/set2/C1/BPPC_6_0_1.txt_0.8.bz2,1039.8015873015872
/home/gustavo/ic2024/data/set2/C1/BPPC_6_0_2.txt_0.1.bz2,1040
/home/gustavo/ic2024/data/set2/C1/BPPC_6_0_1.txt_0.9.bz2,1039.8015873015872
/home/gustavo/ic2024/data/set2/C1/BPPC_4_0_9.txt_0.7.bz2,225
/home/gustavo/ic2024/data/set2/C1/BPPC_6_0_2.txt_0.2.bz2,1039.9203187250996
/home/gustavo/ic2024/data/set2/C1/BPPC_6_0_2.txt_0.3.bz2,1039.9601593625498
/home/gustavo/ic2024/data/set2/C1/BPPC_6_0_2.txt_0.4.bz2,1039.9601593625498
/home/gustavo/ic2024/data/set2/C1/BPPC_6_0_2.txt_0.5.bz2,1039.9601593625498
/home/gustavo/ic2024/data/set2/C1/BPPC_6_0_2.txt_0.6.bz2,1039.9007936507935
/home/gustavo/ic2024/data/set2/C1/BPPC_6_0_2.txt_0.7.bz2,1039.9007936507935
/home/gustavo/ic2024/data/set2/C1/BPPC_6_0_2.txt_0.8.bz2,1039.9007936507935
/home/gustavo/ic2024/data/set2/C1/BPPC_6_0_3.txt_0.1.bz2,1040
/home/gustavo/ic2024/data/set2/C1/BPPC_6_0_2.txt_0.9.bz2,1039.9007936507935
/home/gustavo/ic2024/data/set2/C1/BPPC_6_0_3.txt_0.2.bz2,1040
/home/gustavo/ic2024/data/set2/C1/BPPC_6_0_3.txt_0.3.bz2,1040
/home/gustavo/ic2024/data/set2/C1/BPPC_6_0_3.txt_0.4.bz2,1039.9601593625498
/home/gustavo/ic2024/data/set2/C1/BPPC_6_0_3.txt_0.5.bz2,1039.9601593625498
/home/gustavo/ic2024/data/set2/C1/BPPC_6_0_3.txt_0.6.bz2,1039.9601593625498
/home/gustavo/ic2024/data/set2/C1/BPPC_6_0_3.txt_0.7.bz2,1039.9601593625498
/home/gustavo/ic2024/data/set2/C1/BPPC_6_0_4.txt_0.1.bz2,1039.9601593625498
/home/gustavo/ic2024/data/set2/C1/BPPC_6_0_3.txt_0.8.bz2,1039.9601593625498
/home/gustavo/ic2024/data/set2/C1/BPPC_6_0_3.txt_0.9.bz2,1039.9601593625498
/home/gustavo/ic2024/data/set2/C1/BPPC_6_0_4.txt_0.2.bz2,1039.9601593625498
/home/gustavo/ic2024/data/set2/C1/BPPC_6_0_4.txt_0.3.bz2,1039.8412698412696
/home/gustavo/ic2024/data/set2/C1/BPPC_6_0_4.txt_0.4.bz2,1039.8809523809523
/home/gustavo/ic2024/data/set2/C1/BPPC_6_0_4.txt_0.5.bz2,1039.8425196850392
/home/gustavo/ic2024/data/set2/C1/BPPC_6_0_4.txt_0.6.bz2,1039.8221343873518
/home/gustavo/ic2024/data/set2/C1/BPPC_6_0_4.txt_0.7.bz2,1039.8221343873518
/home/gustavo/ic2024/data/set2/C1/BPPC_6_0_4.txt_0.8.bz2,1039.8221343873518
/home/gustavo/ic2024/data/set2/C1/BPPC_6_0_5.txt_0.1.bz2,1039.9203187250996
/home/gustavo/ic2024/data/set2/C1/BPPC_6_0_4.txt_0.9.bz2,1039.8221343873518
/home/gustavo/ic2024/data/set2/C1/BPPC_6_0_5.txt_0.2.bz2,1039.9601593625498
/home/gustavo/ic2024/data/set2/C1/BPPC_6_0_5.txt_0.3.bz2,1039.9007936507937
/home/gustavo/ic2024/data/set2/C1/BPPC_6_0_5.txt_0.4.bz2,1039.9007936507937
/home/gustavo/ic2024/data/set2/C1/BPPC_6_0_5.txt_0.5.bz2,1039.8809523809523
/home/gustavo/ic2024/data/set2/C1/BPPC_6_0_5.txt_0.6.bz2,1039.8809523809525
/home/gustavo/ic2024/data/set2/C1/BPPC_6_0_5.txt_0.7.bz2,1039.8944591029024
/home/gustavo/ic2024/data/set2/C1/BPPC_6_0_5.txt_0.8.bz2,1039.8809523809525
/home/gustavo/ic2024/data/set2/C1/BPPC_6_0_6.txt_0.1.bz2,1039.9601593625498
/home/gustavo/ic2024/data/set2/C1/BPPC_6_0_5.txt_0.9.bz2,1039.8809523809525
/home/gustavo/ic2024/data/set2/C1/BPPC_6_0_6.txt_0.2.bz2,1039.8809523809523
/home/gustavo/ic2024/data/set2/C1/BPPC_6_0_6.txt_0.3.bz2,1039.8809523809523
/home/gustavo/ic2024/data/set2/C1/BPPC_6_0_6.txt_0.4.bz2,1039.9203187250996
/home/gustavo/ic2024/data/set2/C1/BPPC_6_0_6.txt_0.5.bz2,1039.7834645669288
/home/gustavo/ic2024/data/set2/C1/BPPC_6_0_6.txt_0.6.bz2,1039.783464566929
/home/gustavo/ic2024/data/set2/C1/BPPC_6_0_6.txt_0.7.bz2,1039.783464566929
/home/gustavo/ic2024/data/set2/C1/BPPC_6_0_6.txt_0.8.bz2,1039.783464566929
/home/gustavo/ic2024/data/set2/C1/BPPC_6_0_7.txt_0.1.bz2,1039.8809523809523
/home/gustavo/ic2024/data/set2/C1/BPPC_6_0_6.txt_0.9.bz2,1039.783464566929
/home/gustavo/ic2024/data/set2/C1/BPPC_6_0_7.txt_0.2.bz2,1039.802371541502
/home/gustavo/ic2024/data/set2/C1/BPPC_6_0_7.txt_0.3.bz2,1039.7830374753453
/home/gustavo/ic2024/data/set2/C1/BPPC_6_0_7.txt_0.4.bz2,1039.8015873015872
/home/gustavo/ic2024/data/set2/C1/BPPC_6_0_7.txt_0.5.bz2,1039.7800471327578
/home/gustavo/ic2024/data/set2/C1/BPPC_6_0_7.txt_0.6.bz2,1039.7430830039527
/home/gustavo/ic2024/data/set2/C1/BPPC_6_0_7.txt_0.7.bz2,1039.7430830039527
/home/gustavo/ic2024/data/set2/C1/BPPC_6_0_8.txt_0.1.bz2,1040
/home/gustavo/ic2024/data/set2/C1/BPPC_6_0_7.txt_0.8.bz2,1039.7430830039525
/home/gustavo/ic2024/data/set2/C1/BPPC_6_0_7.txt_0.9.bz2,1039.7430830039525
/home/gustavo/ic2024/data/set2/C1/BPPC_6_0_8.txt_0.2.bz2,1040
/home/gustavo/ic2024/data/set2/C1/BPPC_6_0_8.txt_0.3.bz2,1039.8814229249015
/home/gustavo/ic2024/data/set2/C1/BPPC_6_0_8.txt_0.4.bz2,1039.8809523809523
/home/gustavo/ic2024/data/set2/C1/BPPC_6_0_8.txt_0.5.bz2,1039.8809523809525
/home/gustavo/ic2024/data/set2/C1/BPPC_6_0_8.txt_0.6.bz2,1039.8809523809523
/home/gustavo/ic2024/data/set2/C1/BPPC_6_0_8.txt_0.7.bz2,1039.8746701846967
/home/gustavo/ic2024/data/set2/C1/BPPC_6_0_8.txt_0.8.bz2,1039.861111111111
/home/gustavo/ic2024/data/set2/C1/BPPC_6_0_9.txt_0.1.bz2,1039.9203187250996
/home/gustavo/ic2024/data/set2/C1/BPPC_6_0_8.txt_0.9.bz2,1039.861111111111
/home/gustavo/ic2024/data/set2/C1/BPPC_6_0_9.txt_0.2.bz2,1039.9203187250996
/home/gustavo/ic2024/data/set2/C1/BPPC_4_0_9.txt_0.8.bz2,225
/home/gustavo/ic2024/data/set2/C1/BPPC_6_0_9.txt_0.3.bz2,1039.9203187250996
/home/gustavo/ic2024/data/set2/C1/BPPC_6_0_9.txt_0.4.bz2,1039.8613861386136
/home/gustavo/ic2024/data/set2/C1/BPPC_6_0_9.txt_0.5.bz2,1039.8611111111109
/home/gustavo/ic2024/data/set2/C1/BPPC_6_0_9.txt_0.6.bz2,1039.861111111111
/home/gustavo/ic2024/data/set2/C1/BPPC_6_0_9.txt_0.7.bz2,1039.8611111111109
/home/gustavo/ic2024/data/set2/C1/BPPC_6_0_9.txt_0.8.bz2,1039.861111111111
/home/gustavo/ic2024/data/set2/C1/BPPC_6_0_9.txt_0.9.bz2,1039.861111111111
/home/gustavo/ic2024/data/set2/C1/BPPC_7_0_10.txt_0.1.bz2,1040
/home/gustavo/ic2024/data/set2/C1/BPPC_7_0_10.txt_0.2.bz2,1039.9601593625498
/home/gustavo/ic2024/data/set2/C1/BPPC_7_0_10.txt_0.3.bz2,1039.9203187250996
/home/gustavo/ic2024/data/set2/C1/BPPC_7_0_10.txt_0.4.bz2,1039.9601593625498
/home/gustavo/ic2024/data/set2/C1/BPPC_7_0_1.txt_0.1.bz2,1040
/home/gustavo/ic2024/data/set2/C1/BPPC_7_0_1.txt_0.2.bz2,1040
/home/gustavo/ic2024/data/set2/C1/BPPC_7_0_10.txt_0.5.bz2,1039.9203187250996
/home/gustavo/ic2024/data/set2/C1/BPPC_7_0_1.txt_0.3.bz2,1040
/home/gustavo/ic2024/data/set2/C1/BPPC_7_0_10.txt_0.6.bz2,1039.9007936507935
/home/gustavo/ic2024/data/set2/C1/BPPC_7_0_10.txt_0.7.bz2,1039.9007936507935
/home/gustavo/ic2024/data/set2/C1/BPPC_7_0_1.txt_0.4.bz2,1040
/home/gustavo/ic2024/data/set2/C1/BPPC_7_0_10.txt_0.8.bz2,1039.9007936507937
/home/gustavo/ic2024/data/set2/C1/BPPC_4_0_9.txt_0.9.bz2,225
/home/gustavo/ic2024/data/set2/C1/BPPC_7_0_10.txt_0.9.bz2,1039.9007936507935
/home/gustavo/ic2024/data/set2/C1/BPPC_7_0_2.txt_0.1.bz2,1040
/home/gustavo/ic2024/data/set2/C1/BPPC_7_0_1.txt_0.5.bz2,1040
/home/gustavo/ic2024/data/set2/C1/BPPC_7_0_2.txt_0.2.bz2,1040
/home/gustavo/ic2024/data/set2/C1/BPPC_7_0_1.txt_0.6.bz2,1040
/home/gustavo/ic2024/data/set2/C1/BPPC_7_0_2.txt_0.3.bz2,1040
/home/gustavo/ic2024/data/set2/C1/BPPC_7_0_2.txt_0.4.bz2,1040
/home/gustavo/ic2024/data/set2/C1/BPPC_7_0_1.txt_0.7.bz2,1040
/home/gustavo/ic2024/data/set2/C1/BPPC_7_0_3.txt_0.1.bz2,1040
/home/gustavo/ic2024/data/set2/C1/BPPC_7_0_1.txt_0.8.bz2,1040
/home/gustavo/ic2024/data/set2/C1/BPPC_7_0_2.txt_0.5.bz2,1040
/home/gustavo/ic2024/data/set2/C1/BPPC_7_0_1.txt_0.9.bz2,1040
/home/gustavo/ic2024/data/set2/C1/BPPC_7_0_3.txt_0.2.bz2,1040
/home/gustavo/ic2024/data/set2/C1/BPPC_7_0_2.txt_0.6.bz2,1040
/home/gustavo/ic2024/data/set2/C1/BPPC_7_0_3.txt_0.3.bz2,1040
/home/gustavo/ic2024/data/set2/C1/BPPC_7_0_2.txt_0.7.bz2,1040
/home/gustavo/ic2024/data/set2/C1/BPPC_7_0_3.txt_0.4.bz2,1039.9601593625498
/home/gustavo/ic2024/data/set2/C1/BPPC_7_0_2.txt_0.8.bz2,1040
/home/gustavo/ic2024/data/set2/C1/BPPC_7_0_4.txt_0.1.bz2,1040
/home/gustavo/ic2024/data/set2/C1/BPPC_7_0_3.txt_0.5.bz2,1039.9601593625498
/home/gustavo/ic2024/data/set2/C1/BPPC_7_0_2.txt_0.9.bz2,1040
/home/gustavo/ic2024/data/set2/C1/BPPC_7_0_4.txt_0.2.bz2,1040
/home/gustavo/ic2024/data/set2/C1/BPPC_7_0_4.txt_0.3.bz2,1039.9601593625498
/home/gustavo/ic2024/data/set2/C1/BPPC_7_0_3.txt_0.6.bz2,1039.9404761904761
/home/gustavo/ic2024/data/set2/C1/BPPC_7_0_3.txt_0.7.bz2,1039.9404761904761
/home/gustavo/ic2024/data/set2/C1/BPPC_7_0_4.txt_0.4.bz2,1039.9601593625498
/home/gustavo/ic2024/data/set2/C1/BPPC_7_0_3.txt_0.8.bz2,1039.9404761904761
/home/gustavo/ic2024/data/set2/C1/BPPC_7_0_5.txt_0.1.bz2,1040
/home/gustavo/ic2024/data/set2/C1/BPPC_7_0_3.txt_0.9.bz2,1039.9404761904761
/home/gustavo/ic2024/data/set2/C1/BPPC_7_0_4.txt_0.5.bz2,1039.9601593625498
/home/gustavo/ic2024/data/set2/C1/BPPC_7_0_5.txt_0.2.bz2,1040
/home/gustavo/ic2024/data/set2/C1/BPPC_7_0_4.txt_0.6.bz2,1039.9402390438247
/home/gustavo/ic2024/data/set2/C1/BPPC_7_0_5.txt_0.3.bz2,1040
/home/gustavo/ic2024/data/set2/C1/BPPC_7_0_5.txt_0.4.bz2,1040
/home/gustavo/ic2024/data/set2/C1/BPPC_7_0_4.txt_0.7.bz2,1039.9601593625498
/home/gustavo/ic2024/data/set2/C1/BPPC_7_0_4.txt_0.8.bz2,1039.9402390438247
/home/gustavo/ic2024/data/set2/C1/BPPC_7_0_6.txt_0.1.bz2,1040
/home/gustavo/ic2024/data/set2/C1/BPPC_7_0_4.txt_0.9.bz2,1039.9402390438247
/home/gustavo/ic2024/data/set2/C1/BPPC_7_0_5.txt_0.5.bz2,1040
/home/gustavo/ic2024/data/set2/C1/BPPC_7_0_6.txt_0.2.bz2,1040
/home/gustavo/ic2024/data/set2/C1/BPPC_7_0_6.txt_0.3.bz2,1040
/home/gustavo/ic2024/data/set2/C1/BPPC_7_0_5.txt_0.6.bz2,1040
/home/gustavo/ic2024/data/set2/C1/BPPC_7_0_5.txt_0.7.bz2,1040
/home/gustavo/ic2024/data/set2/C1/BPPC_7_0_6.txt_0.4.bz2,1039.9601593625498
/home/gustavo/ic2024/data/set2/C1/BPPC_7_0_5.txt_0.8.bz2,1040
/home/gustavo/ic2024/data/set2/C1/BPPC_7_0_7.txt_0.1.bz2,1040
/home/gustavo/ic2024/data/set2/C1/BPPC_7_0_5.txt_0.9.bz2,1040
/home/gustavo/ic2024/data/set2/C1/BPPC_7_0_7.txt_0.2.bz2,1040
/home/gustavo/ic2024/data/set2/C1/BPPC_7_0_6.txt_0.5.bz2,1039.9601593625498
/home/gustavo/ic2024/data/set2/C1/BPPC_7_0_6.txt_0.6.bz2,1039.9402390438247
/home/gustavo/ic2024/data/set2/C1/BPPC_7_0_7.txt_0.3.bz2,1040
/home/gustavo/ic2024/data/set2/C1/BPPC_7_0_6.txt_0.7.bz2,1039.9402390438247
/home/gustavo/ic2024/data/set2/C1/BPPC_7_0_7.txt_0.4.bz2,1040
/home/gustavo/ic2024/data/set2/C1/BPPC_7_0_6.txt_0.8.bz2,1039.9402390438247
/home/gustavo/ic2024/data/set2/C1/BPPC_7_0_8.txt_0.1.bz2,1040
/home/gustavo/ic2024/data/set2/C1/BPPC_7_0_6.txt_0.9.bz2,1039.9402390438247
/home/gustavo/ic2024/data/set2/C1/BPPC_7_0_8.txt_0.2.bz2,1040
/home/gustavo/ic2024/data/set2/C1/BPPC_7_0_7.txt_0.5.bz2,1040
/home/gustavo/ic2024/data/set2/C1/BPPC_7_0_8.txt_0.3.bz2,1040
/home/gustavo/ic2024/data/set2/C1/BPPC_7_0_7.txt_0.6.bz2,1040
/home/gustavo/ic2024/data/set2/C1/BPPC_7_0_7.txt_0.7.bz2,1040
/home/gustavo/ic2024/data/set2/C1/BPPC_7_0_8.txt_0.4.bz2,1039.980079681275
/home/gustavo/ic2024/data/set2/C1/BPPC_7_0_7.txt_0.8.bz2,1040
/home/gustavo/ic2024/data/set2/C1/BPPC_7_0_9.txt_0.1.bz2,1040
/home/gustavo/ic2024/data/set2/C1/BPPC_7_0_7.txt_0.9.bz2,1040
/home/gustavo/ic2024/data/set2/C1/BPPC_7_0_8.txt_0.5.bz2,1039.9601593625498
/home/gustavo/ic2024/data/set2/C1/BPPC_7_0_9.txt_0.2.bz2,1040
/home/gustavo/ic2024/data/set2/C1/BPPC_7_0_9.txt_0.3.bz2,1040
/home/gustavo/ic2024/data/set2/C1/BPPC_7_0_8.txt_0.6.bz2,1039.9601593625498
/home/gustavo/ic2024/data/set2/C1/BPPC_7_0_9.txt_0.4.bz2,1040
/home/gustavo/ic2024/data/set2/C1/BPPC_7_0_8.txt_0.7.bz2,1039.9601593625498
/home/gustavo/ic2024/data/set2/C1/BPPC_7_0_8.txt_0.9.bz2,1039.9601593625498
/home/gustavo/ic2024/data/set2/C1/BPPC_7_0_8.txt_0.8.bz2,1039.9601593625498
/home/gustavo/ic2024/data/set2/C1/BPPC_7_0_9.txt_0.5.bz2,1040
/home/gustavo/ic2024/data/set2/C1/BPPC_8_0_10.txt_0.1.bz2,1040
/home/gustavo/ic2024/data/set2/C1/BPPC_7_0_9.txt_0.6.bz2,1040
/home/gustavo/ic2024/data/set2/C1/BPPC_7_0_9.txt_0.7.bz2,1040
/home/gustavo/ic2024/data/set2/C1/BPPC_7_0_9.txt_0.8.bz2,1040
/home/gustavo/ic2024/data/set2/C1/BPPC_8_0_10.txt_0.2.bz2,1040
/home/gustavo/ic2024/data/set2/C1/BPPC_7_0_9.txt_0.9.bz2,1040
/home/gustavo/ic2024/data/set2/C1/BPPC_8_0_1.txt_0.1.bz2,1040
/home/gustavo/ic2024/data/set2/C1/BPPC_8_0_10.txt_0.3.bz2,1040
/home/gustavo/ic2024/data/set2/C1/BPPC_8_0_10.txt_0.4.bz2,1040
/home/gustavo/ic2024/data/set2/C1/BPPC_8_0_1.txt_0.2.bz2,1040
/home/gustavo/ic2024/data/set2/C1/BPPC_8_0_10.txt_0.5.bz2,1040
/home/gustavo/ic2024/data/set2/C1/BPPC_8_0_10.txt_0.6.bz2,1040
/home/gustavo/ic2024/data/set2/C1/BPPC_8_0_1.txt_0.3.bz2,1040
/home/gustavo/ic2024/data/set2/C1/BPPC_8_0_10.txt_0.7.bz2,1040
/home/gustavo/ic2024/data/set2/C1/BPPC_8_0_1.txt_0.4.bz2,1040
/home/gustavo/ic2024/data/set2/C1/BPPC_8_0_1.txt_0.5.bz2,1040
/home/gustavo/ic2024/data/set2/C1/BPPC_8_0_2.txt_0.1.bz2,1040
/home/gustavo/ic2024/data/set2/C1/BPPC_8_0_2.txt_0.2.bz2,1040
/home/gustavo/ic2024/data/set2/C1/BPPC_8_0_1.txt_0.6.bz2,1040
/home/gustavo/ic2024/data/set2/C1/BPPC_8_0_2.txt_0.3.bz2,1039.9601593625498
/home/gustavo/ic2024/data/set2/C1/BPPC_8_0_1.txt_0.7.bz2,1040
/home/gustavo/ic2024/data/set2/C1/BPPC_8_0_2.txt_0.4.bz2,1039.9601593625498
/home/gustavo/ic2024/data/set2/C1/BPPC_8_0_2.txt_0.5.bz2,1039.9402390438247
/home/gustavo/ic2024/data/set2/C1/BPPC_8_0_10.txt_0.8.bz2,1040
/home/gustavo/ic2024/data/set2/C1/BPPC_8_0_3.txt_0.1.bz2,1040
/home/gustavo/ic2024/data/set2/C1/BPPC_8_0_2.txt_0.6.bz2,1039.9402390438247
/home/gustavo/ic2024/data/set2/C1/BPPC_8_0_3.txt_0.2.bz2,1040
/home/gustavo/ic2024/data/set2/C1/BPPC_8_0_10.txt_0.9.bz2,1040
/home/gustavo/ic2024/data/set2/C1/BPPC_8_0_2.txt_0.7.bz2,1039.9402390438247
/home/gustavo/ic2024/data/set2/C1/BPPC_8_0_3.txt_0.3.bz2,1040
/home/gustavo/ic2024/data/set2/C1/BPPC_8_0_1.txt_0.8.bz2,1040
/home/gustavo/ic2024/data/set2/C1/BPPC_8_0_3.txt_0.4.bz2,1040
/home/gustavo/ic2024/data/set2/C1/BPPC_8_0_3.txt_0.5.bz2,1039.9601593625498
/home/gustavo/ic2024/data/set2/C1/BPPC_8_0_1.txt_0.9.bz2,1040
/home/gustavo/ic2024/data/set2/C1/BPPC_8_0_4.txt_0.1.bz2,1040
/home/gustavo/ic2024/data/set2/C1/BPPC_8_0_3.txt_0.6.bz2,1039.9601593625498
/home/gustavo/ic2024/data/set2/C1/BPPC_8_0_4.txt_0.2.bz2,1040
/home/gustavo/ic2024/data/set2/C1/BPPC_8_0_4.txt_0.3.bz2,1040
/home/gustavo/ic2024/data/set2/C1/BPPC_8_0_3.txt_0.7.bz2,1039.9601593625498
/home/gustavo/ic2024/data/set2/C1/BPPC_8_0_4.txt_0.4.bz2,1040
/home/gustavo/ic2024/data/set2/C1/BPPC_8_0_2.txt_0.8.bz2,1039.9402390438247
/home/gustavo/ic2024/data/set2/C1/BPPC_8_0_4.txt_0.5.bz2,1040
/home/gustavo/ic2024/data/set2/C1/BPPC_8_0_5.txt_0.1.bz2,1040
/home/gustavo/ic2024/data/set2/C1/BPPC_8_0_5.txt_0.2.bz2,1040
/home/gustavo/ic2024/data/set2/C1/BPPC_8_0_4.txt_0.6.bz2,1040
/home/gustavo/ic2024/data/set2/C1/BPPC_8_0_2.txt_0.9.bz2,1039.9402390438247
/home/gustavo/ic2024/data/set2/C1/BPPC_8_0_4.txt_0.7.bz2,1040
/home/gustavo/ic2024/data/set2/C1/BPPC_8_0_5.txt_0.3.bz2,1040
/home/gustavo/ic2024/data/set2/C1/BPPC_8_0_5.txt_0.4.bz2,1040
/home/gustavo/ic2024/data/set2/C1/BPPC_8_0_5.txt_0.5.bz2,1039.980079681275
/home/gustavo/ic2024/data/set2/C1/BPPC_8_0_3.txt_0.8.bz2,1039.9601593625498
/home/gustavo/ic2024/data/set2/C1/BPPC_8_0_6.txt_0.1.bz2,1040
/home/gustavo/ic2024/data/set2/C1/BPPC_8_0_5.txt_0.6.bz2,1039.980079681275
/home/gustavo/ic2024/data/set2/C1/BPPC_8_0_3.txt_0.9.bz2,1039.9601593625498
/home/gustavo/ic2024/data/set2/C1/BPPC_8_0_6.txt_0.2.bz2,1040
/home/gustavo/ic2024/data/set2/C1/BPPC_8_0_5.txt_0.7.bz2,1039.980079681275
/home/gustavo/ic2024/data/set2/C1/BPPC_8_0_6.txt_0.3.bz2,1040
/home/gustavo/ic2024/data/set2/C1/BPPC_8_0_6.txt_0.4.bz2,1040
/home/gustavo/ic2024/data/set2/C1/BPPC_8_0_4.txt_0.8.bz2,1040
/home/gustavo/ic2024/data/set2/C1/BPPC_8_0_6.txt_0.5.bz2,1040
/home/gustavo/ic2024/data/set2/C1/BPPC_8_0_7.txt_0.1.bz2,1040
/home/gustavo/ic2024/data/set2/C1/BPPC_8_0_4.txt_0.9.bz2,1040
/home/gustavo/ic2024/data/set2/C1/BPPC_8_0_7.txt_0.2.bz2,1040
/home/gustavo/ic2024/data/set2/C1/BPPC_8_0_6.txt_0.6.bz2,1040
/home/gustavo/ic2024/data/set2/C1/BPPC_8_0_6.txt_0.7.bz2,1040
/home/gustavo/ic2024/data/set2/C1/BPPC_8_0_7.txt_0.3.bz2,1040
/home/gustavo/ic2024/data/set2/C1/BPPC_8_0_7.txt_0.4.bz2,1040
/home/gustavo/ic2024/data/set2/C1/BPPC_8_0_5.txt_0.8.bz2,1039.980079681275
/home/gustavo/ic2024/data/set2/C1/BPPC_8_0_7.txt_0.5.bz2,1040
/home/gustavo/ic2024/data/set2/C1/BPPC_8_0_8.txt_0.1.bz2,1040
/home/gustavo/ic2024/data/set2/C1/BPPC_8_0_5.txt_0.9.bz2,1039.980079681275
/home/gustavo/ic2024/data/set2/C1/BPPC_8_0_7.txt_0.6.bz2,1040
/home/gustavo/ic2024/data/set2/C1/BPPC_8_0_8.txt_0.2.bz2,1040
/home/gustavo/ic2024/data/set2/C1/BPPC_8_0_7.txt_0.7.bz2,1040
/home/gustavo/ic2024/data/set2/C1/BPPC_8_0_8.txt_0.3.bz2,1040
/home/gustavo/ic2024/data/set2/C1/BPPC_8_0_8.txt_0.4.bz2,1040
/home/gustavo/ic2024/data/set2/C1/BPPC_8_0_8.txt_0.5.bz2,1040
/home/gustavo/ic2024/data/set2/C1/BPPC_8_0_6.txt_0.8.bz2,1040
/home/gustavo/ic2024/data/set2/C1/BPPC_8_0_9.txt_0.1.bz2,1040
/home/gustavo/ic2024/data/set2/C1/BPPC_8_0_8.txt_0.6.bz2,1040
/home/gustavo/ic2024/data/set2/C1/BPPC_8_0_6.txt_0.9.bz2,1040
/home/gustavo/ic2024/data/set2/C1/BPPC_8_0_9.txt_0.2.bz2,1040
/home/gustavo/ic2024/data/set2/C1/BPPC_8_0_8.txt_0.7.bz2,1040
/home/gustavo/ic2024/data/set2/C1/BPPC_8_0_9.txt_0.3.bz2,1040
/home/gustavo/ic2024/data/set2/C1/BPPC_8_0_9.txt_0.4.bz2,1040
/home/gustavo/ic2024/data/set2/C1/BPPC_8_0_9.txt_0.5.bz2,1040
/home/gustavo/ic2024/data/set2/C1/BPPC_8_0_7.txt_0.8.bz2,1040
/home/gustavo/ic2024/data/set2/C1/BPPC_8_0_9.txt_0.6.bz2,1040
/home/gustavo/ic2024/data/set2/C1/BPPC_8_0_7.txt_0.9.bz2,1040
/home/gustavo/ic2024/data/set2/C1/BPPC_8_0_9.txt_0.7.bz2,1040
/home/gustavo/ic2024/data/set2/C1/BPPC_8_0_8.txt_0.8.bz2,1040
/home/gustavo/ic2024/data/set2/C1/BPPC_8_0_8.txt_0.9.bz2,1040
/home/gustavo/ic2024/data/set2/C1/BPPC_8_0_9.txt_0.8.bz2,1040
/home/gustavo/ic2024/data/set2/C1/BPPC_8_0_9.txt_0.9.bz2,1040
