instance;weight;size;time
BPPC_8_0_3.txt_0.9.bz2;2163;5;45
BPPC_8_0_1.txt_0.1.bz2;0;0;0
BPPC_1_0_8.txt_0.1.bz2;2600;33;457
BPPC_4_0_4.txt_0.4.bz2;0;0;0
BPPC_5_0_7.txt_0.1.bz2;8476;24;0
BPPC_6_0_7.txt_0.9.bz2;1475;4;4
BPPC_1_0_4.txt_0.5.bz2;778;10;2
BPPC_5_0_5.txt_0.1.bz2;7776;22;1
BPPC_6_0_5.txt_0.5.bz2;3709;9;2
BPPC_8_0_9.txt_0.8.bz2;2667;7;60
BPPC_2_0_8.txt_0.2.bz2;2147;24;193583
BPPC_6_0_8.txt_0.9.bz2;1407;3;1
BPPC_3_0_4.txt_0.4.bz2;1412;15;53269
BPPC_8_0_5.txt_0.7.bz2;3256;8;70
BPPC_5_0_8.txt_0.9.bz2;1267;3;1
BPPC_5_0_5.txt_0.7.bz2;2078;5;0
BPPC_7_0_8.txt_0.8.bz2;2382;5;10
BPPC_5_0_1.txt_0.8.bz2;1760;4;0
BPPC_5_0_7.txt_0.3.bz2;4566;12;2
BPPC_6_0_7.txt_0.6.bz2;2968;7;2
BPPC_8_0_3.txt_0.7.bz2;3370;8;62
BPPC_4_0_9.txt_0.2.bz2;0;0;0
BPPC_7_0_10.txt_0.1.bz2;0;0;0
BPPC_5_0_9.txt_0.3.bz2;4280;12;0
BPPC_5_0_3.txt_0.8.bz2;1656;4;0
BPPC_6_0_8.txt_0.5.bz2;3695;9;3
BPPC_1_0_7.txt_0.9.bz2;347;4;1
BPPC_3_0_9.txt_0.5.bz2;1055;12;3353
BPPC_7_0_2.txt_0.9.bz2;1808;4;12
BPPC_7_0_4.txt_0.8.bz2;2434;6;14
BPPC_4_0_5.txt_0.5.bz2;1268;14;290821
BPPC_6_0_1.txt_0.1.bz2;11901;33;305
BPPC_5_0_9.txt_0.8.bz2;1811;4;0
BPPC_3_0_8.txt_0.9.bz2;443;5;42
BPPC_5_0_3.txt_0.9.bz2;1314;3;0
BPPC_6_0_4.txt_0.3.bz2;5708;14;19
BPPC_8_0_10.txt_0.6.bz2;4026;10;328
BPPC_6_0_6.txt_0.9.bz2;1642;4;1
BPPC_5_0_7.txt_0.6.bz2;2495;6;0
BPPC_4_0_9.txt_0.4.bz2;0;0;0
BPPC_4_0_1.txt_0.6.bz2;1025;11;11685
BPPC_8_0_5.txt_0.9.bz2;2163;5;37
BPPC_2_0_10.txt_0.8.bz2;545;6;9
BPPC_4_0_7.txt_0.8.bz2;635;7;208
BPPC_3_0_5.txt_0.7.bz2;720;8;81
BPPC_7_0_8.txt_0.2.bz2;10144;25;113369
BPPC_4_0_3.txt_0.7.bz2;826;9;877
BPPC_3_0_10.txt_0.9.bz2;456;5;48
BPPC_3_0_5.txt_0.9.bz2;455;5;50
BPPC_2_0_1.txt_0.3.bz2;1534;18;3520
BPPC_6_0_2.txt_0.8.bz2;2048;5;1
BPPC_7_0_5.txt_0.2.bz2;9764;26;198923
BPPC_8_0_9.txt_0.4.bz2;6481;16;51241
BPPC_1_0_9.txt_0.7.bz2;541;6;1
BPPC_8_0_3.txt_0.6.bz2;4123;10;319
BPPC_3_0_4.txt_0.7.bz2;768;8;64
BPPC_7_0_2.txt_0.1.bz2;0;0;0
BPPC_1_0_1.txt_0.3.bz2;1211;15;12
BPPC_8_0_3.txt_0.1.bz2;0;0;0
BPPC_6_0_8.txt_0.1.bz2;11501;32;593
BPPC_3_0_7.txt_0.7.bz2;726;7;65
BPPC_8_0_4.txt_0.3.bz2;0;0;0
BPPC_1_0_10.txt_0.4.bz2;939;11;4
BPPC_3_0_1.txt_0.8.bz2;562;6;55
BPPC_7_0_7.txt_0.5.bz2;4585;11;47
BPPC_2_0_2.txt_0.1.bz2;0;0;0
BPPC_7_0_6.txt_0.9.bz2;1703;4;8
BPPC_2_0_6.txt_0.7.bz2;656;7;7
BPPC_4_0_2.txt_0.2.bz2;0;0;0
BPPC_4_0_7.txt_0.1.bz2;0;0;0
BPPC_2_0_4.txt_0.2.bz2;2141;26;142693
BPPC_8_0_3.txt_0.4.bz2;6542;17;51042
BPPC_5_0_5.txt_0.9.bz2;1298;3;0
BPPC_6_0_10.txt_0.6.bz2;3072;8;2
BPPC_7_0_1.txt_0.4.bz2;5485;14;407
BPPC_1_0_7.txt_0.5.bz2;762;9;2
BPPC_8_0_8.txt_0.8.bz2;2716;6;44
BPPC_1_0_4.txt_0.8.bz2;496;5;2
BPPC_5_0_4.txt_0.4.bz2;3350;9;0
BPPC_7_0_5.txt_0.8.bz2;2326;6;6
BPPC_1_0_4.txt_0.4.bz2;988;11;4
BPPC_6_0_3.txt_0.2.bz2;7652;21;56
BPPC_2_0_4.txt_0.3.bz2;1562;18;3117
BPPC_8_0_7.txt_0.2.bz2;0;0;0
BPPC_5_0_4.txt_0.9.bz2;1215;3;0
BPPC_4_0_3.txt_0.2.bz2;0;0;0
BPPC_1_0_2.txt_0.2.bz2;1570;20;89
BPPC_3_0_4.txt_0.9.bz2;453;5;41
BPPC_7_0_4.txt_0.6.bz2;3449;8;16
BPPC_7_0_6.txt_0.7.bz2;3330;8;9
BPPC_8_0_7.txt_0.4.bz2;6459;15;48427
BPPC_2_0_8.txt_0.9.bz2;411;4;7
BPPC_5_0_4.txt_0.2.bz2;6262;17;0
BPPC_1_0_8.txt_0.8.bz2;431;4;1
BPPC_2_0_3.txt_0.3.bz2;1487;17;4726
BPPC_1_0_7.txt_0.1.bz2;2540;31;588
BPPC_3_0_3.txt_0.9.bz2;433;5;41
BPPC_4_0_1.txt_0.3.bz2;0;0;0
BPPC_6_0_9.txt_0.9.bz2;1569;4;1
BPPC_8_0_6.txt_0.4.bz2;6447;15;54419
BPPC_7_0_5.txt_0.4.bz2;5608;14;346
BPPC_1_0_3.txt_0.9.bz2;337;4;1
BPPC_5_0_3.txt_0.4.bz2;3491;9;0
BPPC_7_0_1.txt_0.7.bz2;3038;7;11
BPPC_5_0_7.txt_0.9.bz2;1249;3;0
BPPC_1_0_5.txt_0.8.bz2;418;5;1
BPPC_1_0_6.txt_0.2.bz2;1538;20;174
BPPC_7_0_10.txt_0.6.bz2;3585;9;13
BPPC_5_0_1.txt_0.9.bz2;1267;3;0
BPPC_5_0_7.txt_0.8.bz2;1550;4;0
BPPC_6_0_9.txt_0.6.bz2;3034;7;3
BPPC_5_0_10.txt_0.6.bz2;2221;6;0
BPPC_3_0_2.txt_0.5.bz2;1092;12;2995
BPPC_1_0_5.txt_0.3.bz2;1291;14;18
BPPC_3_0_2.txt_0.9.bz2;437;5;39
BPPC_2_0_3.txt_0.7.bz2;692;7;10
BPPC_6_0_1.txt_0.5.bz2;3837;9;1
BPPC_7_0_2.txt_0.2.bz2;9659;26;203194
BPPC_5_0_1.txt_0.2.bz2;5574;16;0
BPPC_6_0_1.txt_0.2.bz2;7404;21;92
BPPC_6_0_5.txt_0.6.bz2;3116;8;1
BPPC_4_0_6.txt_0.7.bz2;824;9;903
BPPC_1_0_1.txt_0.1.bz2;2524;33;1067
BPPC_3_0_7.txt_0.5.bz2;1139;12;2974
BPPC_7_0_5.txt_0.5.bz2;4568;11;41
BPPC_7_0_9.txt_0.2.bz2;9986;25;146471
BPPC_2_0_1.txt_0.4.bz2;1128;14;392
BPPC_8_0_3.txt_0.5.bz2;5009;12;3014
BPPC_8_0_2.txt_0.5.bz2;5080;12;2988
BPPC_6_0_2.txt_0.5.bz2;3424;10;2
BPPC_1_0_6.txt_0.7.bz2;500;6;1
BPPC_8_0_7.txt_0.7.bz2;3420;8;64
BPPC_6_0_4.txt_0.7.bz2;2318;6;1
BPPC_4_0_4.txt_0.8.bz2;662;7;215
BPPC_5_0_2.txt_0.6.bz2;2432;6;0
BPPC_2_0_9.txt_0.5.bz2;965;11;56
BPPC_5_0_3.txt_0.6.bz2;2428;7;0
BPPC_3_0_6.txt_0.8.bz2;587;6;40
BPPC_3_0_7.txt_0.8.bz2;572;6;40
BPPC_3_0_5.txt_0.3.bz2;0;0;0
BPPC_8_0_1.txt_0.4.bz2;6520;15;60750
BPPC_5_0_8.txt_0.1.bz2;8225;23;0
BPPC_8_0_10.txt_0.8.bz2;2567;6;43
BPPC_8_0_5.txt_0.4.bz2;6348;16;56243
BPPC_2_0_1.txt_0.2.bz2;2119;24;149381
BPPC_3_0_1.txt_0.2.bz2;0;0;0
BPPC_8_0_5.txt_0.6.bz2;4106;10;308
BPPC_4_0_1.txt_0.8.bz2;659;7;204
BPPC_1_0_4.txt_0.3.bz2;1283;13;16
BPPC_6_0_7.txt_0.8.bz2;1914;5;1
BPPC_2_0_8.txt_0.3.bz2;1660;19;2925
BPPC_8_0_9.txt_0.3.bz2;0;0;0
BPPC_5_0_7.txt_0.5.bz2;2839;8;0
BPPC_6_0_10.txt_0.7.bz2;2341;6;1
BPPC_1_0_2.txt_0.8.bz2;448;5;1
BPPC_5_0_5.txt_0.6.bz2;2649;7;0
BPPC_5_0_3.txt_0.1.bz2;8264;23;0
BPPC_3_0_7.txt_0.9.bz2;462;5;40
BPPC_1_0_1.txt_0.8.bz2;423;5;1
BPPC_2_0_10.txt_0.4.bz2;1191;14;383
BPPC_7_0_2.txt_0.8.bz2;2286;6;14
BPPC_8_0_6.txt_0.9.bz2;2153;5;43
BPPC_1_0_9.txt_0.9.bz2;340;4;1
BPPC_4_0_1.txt_0.2.bz2;0;0;0
BPPC_8_0_2.txt_0.9.bz2;2031;5;42
BPPC_1_0_4.txt_0.1.bz2;2545;32;822
BPPC_6_0_4.txt_0.4.bz2;4530;12;4
BPPC_2_0_2.txt_0.7.bz2;693;8;13
BPPC_1_0_2.txt_0.3.bz2;1269;14;13
BPPC_8_0_8.txt_0.5.bz2;5141;13;2743
BPPC_7_0_3.txt_0.3.bz2;7694;20;3043
BPPC_7_0_5.txt_0.9.bz2;1805;4;8
BPPC_4_0_9.txt_0.6.bz2;1030;11;11175
BPPC_3_0_9.txt_0.6.bz2;850;9;307
BPPC_6_0_9.txt_0.2.bz2;7452;20;105
BPPC_1_0_3.txt_0.3.bz2;1308;15;13
BPPC_5_0_5.txt_0.2.bz2;6088;16;0
BPPC_2_0_2.txt_0.5.bz2;921;10;56
BPPC_5_0_6.txt_0.2.bz2;5498;15;0
BPPC_8_0_5.txt_0.8.bz2;2602;6;43
BPPC_7_0_6.txt_0.2.bz2;10048;26;101432
BPPC_4_0_6.txt_0.9.bz2;494;5;160
BPPC_1_0_9.txt_0.6.bz2;595;7;1
BPPC_7_0_6.txt_0.8.bz2;2395;6;8
BPPC_5_0_8.txt_0.4.bz2;3238;9;1
BPPC_8_0_10.txt_0.2.bz2;0;0;0
BPPC_6_0_9.txt_0.5.bz2;3486;9;5
BPPC_3_0_6.txt_0.4.bz2;1426;15;53742
BPPC_1_0_10.txt_0.1.bz2;2411;32;781
BPPC_4_0_5.txt_0.3.bz2;0;0;0
BPPC_5_0_6.txt_0.3.bz2;4088;11;0
BPPC_4_0_3.txt_0.1.bz2;0;0;0
BPPC_5_0_5.txt_0.5.bz2;2815;7;0
BPPC_8_0_4.txt_0.9.bz2;1917;5;41
BPPC_3_0_8.txt_0.2.bz2;0;0;0
BPPC_2_0_5.txt_0.6.bz2;789;9;15
BPPC_2_0_8.txt_0.7.bz2;656;7;10
BPPC_2_0_7.txt_0.2.bz2;2102;25;186944
BPPC_3_0_8.txt_0.6.bz2;997;10;304
BPPC_1_0_2.txt_0.5.bz2;760;9;2
BPPC_1_0_5.txt_0.5.bz2;787;9;2
BPPC_4_0_1.txt_0.7.bz2;796;9;947
BPPC_3_0_4.txt_0.1.bz2;0;0;0
BPPC_4_0_5.txt_0.2.bz2;0;0;0
BPPC_1_0_6.txt_0.9.bz2;308;3;1
BPPC_1_0_4.txt_0.2.bz2;1697;19;80
BPPC_4_0_8.txt_0.9.bz2;504;5;164
BPPC_4_0_7.txt_0.7.bz2;882;9;764
BPPC_4_0_3.txt_0.6.bz2;1049;11;11490
BPPC_8_0_1.txt_0.6.bz2;4152;10;312
BPPC_5_0_9.txt_0.7.bz2;2157;6;0
BPPC_3_0_9.txt_0.1.bz2;0;0;0
BPPC_8_0_5.txt_0.2.bz2;0;0;0
BPPC_7_0_2.txt_0.4.bz2;5493;14;319
BPPC_1_0_5.txt_0.2.bz2;1684;20;78
BPPC_6_0_8.txt_0.4.bz2;4594;12;5
BPPC_3_0_8.txt_0.8.bz2;579;6;41
BPPC_8_0_2.txt_0.1.bz2;0;0;0
BPPC_7_0_2.txt_0.5.bz2;4479;11;50
BPPC_6_0_4.txt_0.6.bz2;2804;7;1
BPPC_2_0_1.txt_0.1.bz2;0;0;0
BPPC_5_0_5.txt_0.3.bz2;4477;12;0
BPPC_3_0_4.txt_0.5.bz2;1121;12;3131
BPPC_2_0_7.txt_0.3.bz2;1517;17;3930
BPPC_3_0_9.txt_0.7.bz2;751;8;65
BPPC_8_0_4.txt_0.6.bz2;4025;9;319
BPPC_4_0_4.txt_0.5.bz2;1271;13;306461
BPPC_1_0_6.txt_0.5.bz2;774;8;2
BPPC_4_0_9.txt_0.5.bz2;1296;14;263350
BPPC_3_0_2.txt_0.3.bz2;0;0;0
BPPC_1_0_3.txt_0.8.bz2;412;4;1
BPPC_4_0_1.txt_0.9.bz2;504;5;164
BPPC_8_0_6.txt_0.7.bz2;3323;8;68
BPPC_3_0_5.txt_0.8.bz2;579;6;46
BPPC_5_0_3.txt_0.5.bz2;2995;8;0
BPPC_6_0_5.txt_0.7.bz2;2640;7;1
BPPC_8_0_7.txt_0.8.bz2;2545;6;43
BPPC_1_0_5.txt_0.6.bz2;633;7;2
BPPC_8_0_10.txt_0.7.bz2;3359;8;68
BPPC_8_0_5.txt_0.3.bz2;0;0;0
BPPC_3_0_3.txt_0.1.bz2;0;0;0
BPPC_2_0_2.txt_0.2.bz2;2106;24;177663
BPPC_1_0_10.txt_0.9.bz2;370;4;1
BPPC_4_0_2.txt_0.7.bz2;914;9;739
BPPC_3_0_6.txt_0.2.bz2;0;0;0
BPPC_7_0_7.txt_0.1.bz2;0;0;0
BPPC_2_0_4.txt_0.8.bz2;495;5;9
BPPC_8_0_7.txt_0.9.bz2;2070;5;41
BPPC_2_0_9.txt_0.4.bz2;1262;15;313
BPPC_6_0_8.txt_0.8.bz2;2055;5;1
BPPC_5_0_10.txt_0.1.bz2;8230;24;0
BPPC_3_0_8.txt_0.1.bz2;0;0;0
BPPC_4_0_7.txt_0.6.bz2;993;11;12120
BPPC_5_0_1.txt_0.5.bz2;2828;8;0
BPPC_2_0_4.txt_0.9.bz2;424;5;12
BPPC_7_0_7.txt_0.2.bz2;9805;26;149043
BPPC_5_0_1.txt_0.1.bz2;8307;24;0
BPPC_3_0_10.txt_0.8.bz2;543;6;45
BPPC_6_0_5.txt_0.1.bz2;12004;33;394
BPPC_3_0_5.txt_0.5.bz2;1133;12;2886
BPPC_7_0_9.txt_0.7.bz2;3007;8;8
BPPC_1_0_3.txt_0.7.bz2;541;6;1
BPPC_8_0_6.txt_0.6.bz2;4101;10;306
BPPC_7_0_10.txt_0.4.bz2;5539;13;346
BPPC_1_0_6.txt_0.4.bz2;944;11;6
BPPC_3_0_5.txt_0.1.bz2;0;0;0
BPPC_3_0_1.txt_0.6.bz2;935;10;286
BPPC_6_0_4.txt_0.2.bz2;7520;20;98
BPPC_8_0_3.txt_0.8.bz2;2495;6;46
BPPC_4_0_10.txt_0.6.bz2;1015;11;11813
BPPC_4_0_7.txt_0.3.bz2;0;0;0
BPPC_8_0_10.txt_0.5.bz2;5145;12;2929
BPPC_2_0_10.txt_0.6.bz2;763;9;18
BPPC_5_0_10.txt_0.8.bz2;1507;4;0
BPPC_6_0_3.txt_0.3.bz2;5607;14;23
BPPC_6_0_7.txt_0.4.bz2;4232;11;4
BPPC_3_0_3.txt_0.4.bz2;1390;15;51925
BPPC_6_0_6.txt_0.5.bz2;3682;9;2
BPPC_5_0_4.txt_0.8.bz2;1672;4;0
BPPC_1_0_9.txt_0.2.bz2;1830;21;47
BPPC_2_0_10.txt_0.2.bz2;2119;26;178461
BPPC_2_0_9.txt_0.3.bz2;1571;17;4117
BPPC_7_0_8.txt_0.6.bz2;4141;10;13
BPPC_4_0_4.txt_0.1.bz2;0;0;0
BPPC_6_0_1.txt_0.4.bz2;4528;12;4
BPPC_8_0_2.txt_0.3.bz2;0;0;0
BPPC_2_0_10.txt_0.1.bz2;0;0;0
BPPC_3_0_8.txt_0.3.bz2;0;0;0
BPPC_8_0_8.txt_0.2.bz2;0;0;0
BPPC_1_0_7.txt_0.7.bz2;547;6;2
BPPC_8_0_1.txt_0.8.bz2;2664;6;50
BPPC_8_0_4.txt_0.4.bz2;6467;16;48543
BPPC_1_0_6.txt_0.3.bz2;1230;15;16
BPPC_8_0_8.txt_0.6.bz2;4329;10;318
BPPC_8_0_1.txt_0.7.bz2;3365;9;67
BPPC_7_0_4.txt_0.9.bz2;1899;4;7
BPPC_8_0_8.txt_0.7.bz2;3326;8;67
BPPC_8_0_5.txt_0.5.bz2;5012;12;3042
BPPC_2_0_3.txt_0.6.bz2;792;9;15
BPPC_5_0_9.txt_0.4.bz2;3867;10;0
BPPC_6_0_6.txt_0.4.bz2;4331;10;5
BPPC_3_0_7.txt_0.6.bz2;938;10;296
BPPC_6_0_4.txt_0.5.bz2;3535;10;2
BPPC_5_0_8.txt_0.7.bz2;1968;5;0
BPPC_5_0_2.txt_0.1.bz2;8180;21;1
BPPC_1_0_9.txt_0.5.bz2;872;9;5
BPPC_2_0_9.txt_0.7.bz2;608;7;8
BPPC_5_0_6.txt_0.1.bz2;8614;24;0
BPPC_5_0_9.txt_0.1.bz2;8063;22;0
BPPC_4_0_8.txt_0.1.bz2;0;0;0
BPPC_8_0_4.txt_0.8.bz2;2538;6;46
BPPC_6_0_7.txt_0.2.bz2;7639;21;98
BPPC_3_0_9.txt_0.8.bz2;606;7;41
BPPC_4_0_10.txt_0.1.bz2;0;0;0
BPPC_4_0_10.txt_0.3.bz2;0;0;0
BPPC_7_0_3.txt_0.4.bz2;5405;13;380
BPPC_3_0_4.txt_0.6.bz2;919;10;307
BPPC_2_0_9.txt_0.1.bz2;0;0;0
BPPC_3_0_8.txt_0.4.bz2;1514;16;50092
BPPC_5_0_4.txt_0.1.bz2;8214;23;0
BPPC_7_0_1.txt_0.1.bz2;0;0;0
BPPC_4_0_6.txt_0.5.bz2;1291;14;279197
BPPC_8_0_8.txt_0.1.bz2;0;0;0
BPPC_6_0_4.txt_0.9.bz2;1540;4;1
BPPC_4_0_8.txt_0.8.bz2;697;7;205
BPPC_4_0_1.txt_0.4.bz2;0;0;0
BPPC_2_0_8.txt_0.4.bz2;1259;14;296
BPPC_5_0_8.txt_0.3.bz2;4294;12;0
BPPC_5_0_2.txt_0.2.bz2;5920;16;0
BPPC_7_0_9.txt_0.4.bz2;5472;14;334
BPPC_3_0_9.txt_0.9.bz2;445;5;40
BPPC_5_0_6.txt_0.6.bz2;2336;6;0
BPPC_6_0_10.txt_0.2.bz2;7544;20;100
BPPC_6_0_1.txt_0.9.bz2;1488;4;2
BPPC_8_0_8.txt_0.3.bz2;0;0;0
BPPC_5_0_8.txt_0.6.bz2;2620;6;1
BPPC_6_0_1.txt_0.7.bz2;2469;6;1
BPPC_2_0_2.txt_0.9.bz2;398;4;10
BPPC_4_0_8.txt_0.3.bz2;0;0;0
BPPC_5_0_10.txt_0.3.bz2;4483;12;0
BPPC_6_0_6.txt_0.6.bz2;2863;7;1
BPPC_2_0_5.txt_0.9.bz2;388;4;10
BPPC_6_0_8.txt_0.7.bz2;2491;6;1
BPPC_4_0_2.txt_0.1.bz2;0;0;0
BPPC_6_0_2.txt_0.7.bz2;2202;6;1
BPPC_4_0_10.txt_0.8.bz2;665;7;206
BPPC_1_0_8.txt_0.4.bz2;998;11;3
BPPC_6_0_5.txt_0.8.bz2;2013;5;1
BPPC_3_0_6.txt_0.9.bz2;481;5;43
BPPC_8_0_3.txt_0.3.bz2;0;0;0
BPPC_7_0_7.txt_0.7.bz2;2862;7;10
BPPC_6_0_7.txt_0.5.bz2;3610;9;2
BPPC_7_0_1.txt_0.5.bz2;4511;10;49
BPPC_3_0_6.txt_0.3.bz2;0;0;0
BPPC_1_0_8.txt_0.6.bz2;619;7;1
BPPC_3_0_7.txt_0.2.bz2;0;0;0
BPPC_3_0_2.txt_0.2.bz2;0;0;0
BPPC_2_0_3.txt_0.4.bz2;1232;14;279
BPPC_5_0_3.txt_0.3.bz2;4419;12;0
BPPC_3_0_4.txt_0.2.bz2;0;0;0
BPPC_8_0_7.txt_0.5.bz2;4966;13;3132
BPPC_8_0_1.txt_0.9.bz2;2064;5;45
BPPC_6_0_6.txt_0.7.bz2;2267;6;1
BPPC_4_0_4.txt_0.3.bz2;0;0;0
BPPC_2_0_4.txt_0.6.bz2;774;9;15
BPPC_7_0_1.txt_0.2.bz2;10119;25;90082
BPPC_6_0_2.txt_0.2.bz2;7407;20;85
BPPC_1_0_2.txt_0.1.bz2;2527;32;837
BPPC_3_0_10.txt_0.3.bz2;0;0;0
BPPC_1_0_6.txt_0.1.bz2;2534;35;798
BPPC_8_0_9.txt_0.2.bz2;0;0;0
BPPC_4_0_1.txt_0.1.bz2;0;0;0
BPPC_7_0_2.txt_0.7.bz2;3088;7;7
BPPC_8_0_2.txt_0.7.bz2;3347;8;74
BPPC_4_0_9.txt_0.9.bz2;490;5;165
BPPC_5_0_8.txt_0.5.bz2;2737;7;0
BPPC_4_0_8.txt_0.4.bz2;0;0;0
BPPC_6_0_7.txt_0.3.bz2;5462;15;21
BPPC_6_0_9.txt_0.3.bz2;5546;14;20
BPPC_2_0_8.txt_0.8.bz2;527;6;7
BPPC_7_0_9.txt_0.5.bz2;4400;12;57
BPPC_5_0_6.txt_0.4.bz2;3511;9;0
BPPC_7_0_9.txt_0.9.bz2;1740;4;9
BPPC_6_0_9.txt_0.7.bz2;2334;6;1
BPPC_3_0_6.txt_0.7.bz2;724;8;68
BPPC_2_0_1.txt_0.8.bz2;479;5;10
BPPC_6_0_10.txt_0.5.bz2;3457;9;2
BPPC_7_0_10.txt_0.5.bz2;4236;10;60
BPPC_8_0_9.txt_0.9.bz2;2060;5;41
BPPC_4_0_4.txt_0.2.bz2;0;0;0
BPPC_8_0_6.txt_0.1.bz2;0;0;0
BPPC_2_0_7.txt_0.4.bz2;1252;13;302
BPPC_4_0_10.txt_0.2.bz2;0;0;0
BPPC_3_0_6.txt_0.5.bz2;1123;12;2952
BPPC_2_0_5.txt_0.8.bz2;519;6;6
BPPC_7_0_10.txt_0.3.bz2;7117;17;3333
BPPC_5_0_1.txt_0.6.bz2;2257;6;0
BPPC_2_0_3.txt_0.5.bz2;995;11;53
BPPC_1_0_10.txt_0.8.bz2;430;5;1
BPPC_5_0_3.txt_0.7.bz2;1971;5;0
BPPC_4_0_9.txt_0.7.bz2;838;9;897
BPPC_1_0_4.txt_0.9.bz2;334;4;1
BPPC_6_0_10.txt_0.8.bz2;2136;5;1
BPPC_4_0_9.txt_0.8.bz2;707;7;202
BPPC_6_0_3.txt_0.7.bz2;2444;6;1
BPPC_3_0_9.txt_0.2.bz2;0;0;0
BPPC_7_0_7.txt_0.8.bz2;2267;5;8
BPPC_2_0_8.txt_0.5.bz2;1000;10;50
BPPC_4_0_6.txt_0.8.bz2;678;7;204
BPPC_3_0_1.txt_0.7.bz2;727;8;67
BPPC_7_0_10.txt_0.8.bz2;2328;6;9
BPPC_5_0_2.txt_0.5.bz2;2883;8;0
BPPC_7_0_3.txt_0.1.bz2;0;0;0
BPPC_3_0_3.txt_0.2.bz2;0;0;0
BPPC_5_0_10.txt_0.2.bz2;5553;15;0
BPPC_4_0_8.txt_0.5.bz2;1273;14;289377
BPPC_7_0_6.txt_0.4.bz2;5337;13;332
BPPC_2_0_10.txt_0.5.bz2;913;11;72
BPPC_1_0_7.txt_0.4.bz2;861;11;6
BPPC_3_0_1.txt_0.3.bz2;0;0;0
BPPC_3_0_8.txt_0.7.bz2;726;8;66
BPPC_7_0_4.txt_0.2.bz2;10219;25;104581
BPPC_6_0_10.txt_0.1.bz2;11992;32;671
BPPC_4_0_3.txt_0.3.bz2;0;0;0
BPPC_3_0_9.txt_0.4.bz2;1439;15;49182
BPPC_2_0_9.txt_0.6.bz2;772;9;16
BPPC_5_0_2.txt_0.7.bz2;1956;5;0
BPPC_2_0_6.txt_0.9.bz2;403;4;7
BPPC_3_0_1.txt_0.5.bz2;1119;12;2761
BPPC_7_0_9.txt_0.3.bz2;7342;19;4236
BPPC_4_0_5.txt_0.4.bz2;0;0;0
BPPC_1_0_1.txt_0.6.bz2;623;7;1
BPPC_7_0_8.txt_0.4.bz2;5308;14;381
BPPC_1_0_4.txt_0.7.bz2;504;6;1
BPPC_3_0_2.txt_0.6.bz2;872;9;323
BPPC_4_0_4.txt_0.9.bz2;500;5;159
BPPC_5_0_1.txt_0.4.bz2;3675;9;0
BPPC_4_0_8.txt_0.6.bz2;1034;11;11052
BPPC_4_0_10.txt_0.7.bz2;830;9;888
BPPC_5_0_4.txt_0.3.bz2;4455;12;0
BPPC_4_0_2.txt_0.5.bz2;1284;13;288453
BPPC_7_0_9.txt_0.8.bz2;2280;6;6
BPPC_1_0_2.txt_0.7.bz2;544;6;1
BPPC_5_0_2.txt_0.3.bz2;4322;11;0
BPPC_1_0_1.txt_0.7.bz2;563;6;1
BPPC_7_0_10.txt_0.7.bz2;2851;7;9
BPPC_5_0_6.txt_0.5.bz2;2823;7;0
BPPC_4_0_5.txt_0.7.bz2;851;9;906
BPPC_5_0_8.txt_0.8.bz2;1454;4;1
BPPC_2_0_1.txt_0.9.bz2;410;4;7
BPPC_4_0_6.txt_0.3.bz2;0;0;0
BPPC_4_0_5.txt_0.9.bz2;499;5;164
BPPC_8_0_2.txt_0.2.bz2;0;0;0
BPPC_1_0_8.txt_0.9.bz2;284;3;1
BPPC_1_0_5.txt_0.9.bz2;334;4;1
BPPC_1_0_1.txt_0.5.bz2;744;8;2
BPPC_5_0_7.txt_0.4.bz2;3492;9;0
BPPC_1_0_1.txt_0.9.bz2;325;4;1
BPPC_5_0_5.txt_0.4.bz2;3477;9;0
BPPC_3_0_10.txt_0.6.bz2;936;10;291
BPPC_5_0_9.txt_0.9.bz2;1352;3;0
BPPC_8_0_9.txt_0.5.bz2;5021;13;3217
BPPC_6_0_9.txt_0.1.bz2;12473;34;160
BPPC_8_0_8.txt_0.4.bz2;6519;17;50083
BPPC_6_0_5.txt_0.2.bz2;7626;19;120
BPPC_2_0_6.txt_0.8.bz2;503;5;7
BPPC_3_0_5.txt_0.6.bz2;913;10;291
BPPC_1_0_7.txt_0.6.bz2;627;7;1
BPPC_1_0_7.txt_0.8.bz2;404;5;1
BPPC_2_0_3.txt_0.8.bz2;527;6;8
BPPC_6_0_4.txt_0.8.bz2;1862;5;1
BPPC_2_0_8.txt_0.1.bz2;0;0;0
BPPC_6_0_10.txt_0.9.bz2;1600;4;1
BPPC_2_0_1.txt_0.5.bz2;933;11;59
BPPC_6_0_4.txt_0.1.bz2;11738;31;290
BPPC_8_0_4.txt_0.1.bz2;0;0;0
BPPC_4_0_3.txt_0.4.bz2;0;0;0
BPPC_2_0_7.txt_0.8.bz2;498;6;11
BPPC_6_0_2.txt_0.6.bz2;2820;8;1
BPPC_2_0_5.txt_0.5.bz2;940;11;62
BPPC_6_0_3.txt_0.8.bz2;1853;4;2
BPPC_6_0_3.txt_0.9.bz2;1478;3;2
BPPC_4_0_9.txt_0.1.bz2;0;0;0
BPPC_3_0_5.txt_0.4.bz2;1429;16;54149
BPPC_8_0_9.txt_0.7.bz2;3301;8;69
BPPC_6_0_2.txt_0.3.bz2;5653;16;16
BPPC_2_0_3.txt_0.9.bz2;391;4;8
BPPC_1_0_4.txt_0.6.bz2;609;7;1
BPPC_4_0_7.txt_0.4.bz2;0;0;0
BPPC_7_0_7.txt_0.6.bz2;3473;8;14
BPPC_3_0_10.txt_0.2.bz2;0;0;0
BPPC_7_0_8.txt_0.7.bz2;3188;8;10
BPPC_7_0_4.txt_0.5.bz2;4550;10;53
BPPC_8_0_8.txt_0.9.bz2;2167;5;38
BPPC_6_0_10.txt_0.4.bz2;4439;11;5
BPPC_1_0_2.txt_0.6.bz2;648;6;3
BPPC_8_0_6.txt_0.3.bz2;0;0;0
BPPC_7_0_10.txt_0.9.bz2;1783;4;13
BPPC_1_0_2.txt_0.4.bz2;942;12;4
BPPC_3_0_6.txt_0.1.bz2;0;0;0
BPPC_7_0_4.txt_0.3.bz2;7068;18;4331
BPPC_6_0_6.txt_0.8.bz2;2105;5;2
BPPC_8_0_1.txt_0.5.bz2;5063;12;3044
BPPC_7_0_8.txt_0.5.bz2;4442;10;55
BPPC_1_0_10.txt_0.3.bz2;1129;14;21
BPPC_8_0_2.txt_0.8.bz2;2658;6;44
BPPC_1_0_7.txt_0.2.bz2;1597;20;145
BPPC_5_0_10.txt_0.9.bz2;1189;3;0
BPPC_1_0_3.txt_0.6.bz2;563;7;1
BPPC_8_0_2.txt_0.4.bz2;6488;16;53784
BPPC_2_0_5.txt_0.2.bz2;2176;26;87990
BPPC_8_0_1.txt_0.3.bz2;0;0;0
BPPC_4_0_6.txt_0.2.bz2;0;0;0
BPPC_4_0_7.txt_0.5.bz2;1273;14;275190
BPPC_1_0_7.txt_0.3.bz2;1228;14;17
BPPC_8_0_9.txt_0.6.bz2;3942;10;336
BPPC_1_0_8.txt_0.3.bz2;1269;16;12
BPPC_3_0_6.txt_0.6.bz2;902;9;306
BPPC_1_0_9.txt_0.4.bz2;1035;12;4
BPPC_8_0_2.txt_0.6.bz2;4125;9;310
BPPC_2_0_2.txt_0.6.bz2;776;8;18
BPPC_2_0_2.txt_0.4.bz2;1208;14;333
BPPC_1_0_6.txt_0.8.bz2;449;5;1
BPPC_8_0_10.txt_0.3.bz2;0;0;0
BPPC_2_0_10.txt_0.3.bz2;1523;17;4519
BPPC_3_0_10.txt_0.1.bz2;0;0;0
BPPC_2_0_7.txt_0.9.bz2;396;4;9
BPPC_2_0_7.txt_0.5.bz2;961;10;54
BPPC_1_0_3.txt_0.2.bz2;1593;20;93
BPPC_5_0_10.txt_0.5.bz2;3088;8;1
BPPC_4_0_2.txt_0.6.bz2;1013;11;12226
BPPC_4_0_2.txt_0.4.bz2;0;0;0
BPPC_2_0_6.txt_0.3.bz2;1492;19;4736
BPPC_6_0_1.txt_0.8.bz2;1869;4;1
BPPC_5_0_4.txt_0.6.bz2;2468;6;0
BPPC_7_0_3.txt_0.5.bz2;4325;11;58
BPPC_4_0_4.txt_0.6.bz2;1054;12;11007
BPPC_3_0_2.txt_0.8.bz2;622;6;40
BPPC_6_0_6.txt_0.1.bz2;11921;33;354
BPPC_5_0_2.txt_0.4.bz2;3458;9;1
BPPC_8_0_7.txt_0.1.bz2;0;0;0
BPPC_2_0_10.txt_0.9.bz2;422;4;7
BPPC_3_0_8.txt_0.5.bz2;1123;12;2799
BPPC_2_0_7.txt_0.7.bz2;670;7;8
BPPC_4_0_5.txt_0.8.bz2;665;7;204
BPPC_2_0_10.txt_0.7.bz2;625;6;10
BPPC_3_0_5.txt_0.2.bz2;0;0;0
BPPC_6_0_3.txt_0.6.bz2;3224;8;1
BPPC_8_0_7.txt_0.3.bz2;0;0;0
BPPC_2_0_9.txt_0.9.bz2;396;4;9
BPPC_6_0_5.txt_0.4.bz2;4404;11;5
BPPC_5_0_7.txt_0.2.bz2;6036;16;0
BPPC_4_0_2.txt_0.3.bz2;0;0;0
BPPC_1_0_5.txt_0.1.bz2;2591;33;303
BPPC_4_0_9.txt_0.3.bz2;0;0;0
BPPC_6_0_1.txt_0.3.bz2;5612;15;15
BPPC_2_0_4.txt_0.7.bz2;649;8;11
BPPC_1_0_3.txt_0.4.bz2;941;10;5
BPPC_3_0_10.txt_0.5.bz2;1106;12;2993
BPPC_2_0_6.txt_0.2.bz2;2118;25;145307
BPPC_5_0_10.txt_0.7.bz2;2018;6;0
BPPC_5_0_1.txt_0.3.bz2;4357;12;0
BPPC_2_0_4.txt_0.5.bz2;998;12;50
BPPC_4_0_1.txt_0.5.bz2;1278;14;281413
BPPC_3_0_3.txt_0.6.bz2;943;10;271
BPPC_4_0_6.txt_0.4.bz2;0;0;0
BPPC_6_0_10.txt_0.3.bz2;5565;14;18
BPPC_8_0_10.txt_0.4.bz2;6336;16;55073
BPPC_5_0_8.txt_0.2.bz2;5538;15;0
BPPC_7_0_3.txt_0.9.bz2;1772;4;9
BPPC_7_0_2.txt_0.3.bz2;7088;17;4297
BPPC_4_0_7.txt_0.2.bz2;0;0;0
BPPC_7_0_3.txt_0.6.bz2;3570;9;14
BPPC_8_0_1.txt_0.2.bz2;0;0;0
BPPC_3_0_2.txt_0.7.bz2;705;8;65
BPPC_4_0_3.txt_0.5.bz2;1298;14;279493
BPPC_1_0_1.txt_0.2.bz2;1601;20;82
BPPC_5_0_4.txt_0.7.bz2;1904;5;0
BPPC_1_0_10.txt_0.5.bz2;729;8;2
BPPC_5_0_6.txt_0.7.bz2;1836;5;0
BPPC_5_0_6.txt_0.9.bz2;1317;3;0
BPPC_7_0_1.txt_0.3.bz2;7183;19;3672
BPPC_4_0_3.txt_0.8.bz2;670;7;209
BPPC_4_0_8.txt_0.2.bz2;0;0;0
BPPC_5_0_6.txt_0.8.bz2;1651;4;0
BPPC_1_0_2.txt_0.9.bz2;301;3;1
BPPC_2_0_6.txt_0.6.bz2;790;8;14
BPPC_4_0_6.txt_0.6.bz2;1069;12;9814
BPPC_6_0_3.txt_0.4.bz2;4233;11;5
BPPC_2_0_9.txt_0.8.bz2;530;6;9
BPPC_7_0_1.txt_0.6.bz2;3542;9;21
BPPC_4_0_10.txt_0.9.bz2;518;5;165
BPPC_3_0_10.txt_0.4.bz2;1386;15;54889
BPPC_3_0_10.txt_0.7.bz2;690;8;72
BPPC_8_0_6.txt_0.8.bz2;2772;7;42
BPPC_6_0_8.txt_0.2.bz2;7903;20;96
BPPC_4_0_7.txt_0.9.bz2;520;5;163
BPPC_4_0_2.txt_0.8.bz2;670;7;207
BPPC_3_0_3.txt_0.3.bz2;0;0;0
BPPC_5_0_2.txt_0.8.bz2;1524;4;0
BPPC_7_0_8.txt_0.9.bz2;1743;4;9
BPPC_5_0_9.txt_0.6.bz2;2163;6;0
BPPC_6_0_2.txt_0.1.bz2;11871;32;338
BPPC_3_0_3.txt_0.5.bz2;1101;12;3080
BPPC_3_0_7.txt_0.1.bz2;0;0;0
BPPC_8_0_4.txt_0.7.bz2;3395;8;63
BPPC_4_0_2.txt_0.9.bz2;497;5;162
BPPC_5_0_3.txt_0.2.bz2;6042;17;0
BPPC_2_0_6.txt_0.4.bz2;1241;14;326
BPPC_7_0_6.txt_0.3.bz2;7233;18;2902
BPPC_7_0_6.txt_0.6.bz2;3675;9;13
BPPC_2_0_9.txt_0.2.bz2;2170;27;118625
BPPC_1_0_9.txt_0.1.bz2;2680;32;356
BPPC_5_0_7.txt_0.7.bz2;1938;5;0
BPPC_5_0_1.txt_0.7.bz2;2226;5;0
BPPC_6_0_9.txt_0.8.bz2;1898;5;1
BPPC_7_0_1.txt_0.9.bz2;1907;4;10
BPPC_7_0_5.txt_0.6.bz2;3465;8;19
BPPC_7_0_9.txt_0.6.bz2;3600;9;16
BPPC_3_0_1.txt_0.4.bz2;1374;14;51706
BPPC_1_0_9.txt_0.3.bz2;1212;14;14
BPPC_8_0_3.txt_0.2.bz2;0;0;0
BPPC_1_0_8.txt_0.5.bz2;743;9;2
BPPC_8_0_10.txt_0.1.bz2;0;0;0
BPPC_6_0_6.txt_0.3.bz2;5563;14;17
BPPC_3_0_1.txt_0.1.bz2;0;0;0
BPPC_4_0_10.txt_0.4.bz2;0;0;0
BPPC_7_0_1.txt_0.8.bz2;2295;6;9
BPPC_5_0_10.txt_0.4.bz2;3657;9;0
BPPC_2_0_1.txt_0.6.bz2;779;9;15
BPPC_1_0_3.txt_0.5.bz2;825;10;1
BPPC_4_0_5.txt_0.1.bz2;0;0;0
BPPC_3_0_7.txt_0.3.bz2;0;0;0
BPPC_2_0_6.txt_0.1.bz2;0;0;0
BPPC_4_0_3.txt_0.9.bz2;484;5;157
BPPC_7_0_6.txt_0.1.bz2;0;0;0
BPPC_6_0_1.txt_0.6.bz2;2757;7;2
BPPC_8_0_4.txt_0.5.bz2;5207;12;2594
BPPC_7_0_2.txt_0.6.bz2;3562;10;16
BPPC_7_0_4.txt_0.4.bz2;5378;13;342
BPPC_1_0_3.txt_0.1.bz2;2492;32;480
BPPC_1_0_5.txt_0.7.bz2;534;6;2
BPPC_6_0_5.txt_0.3.bz2;5560;14;21
BPPC_7_0_7.txt_0.4.bz2;5474;13;307
BPPC_1_0_8.txt_0.7.bz2;499;5;2
BPPC_7_0_5.txt_0.3.bz2;7186;18;4116
BPPC_5_0_2.txt_0.9.bz2;1393;4;0
BPPC_3_0_2.txt_0.1.bz2;0;0;0
BPPC_4_0_4.txt_0.7.bz2;850;9;866
BPPC_1_0_8.txt_0.2.bz2;1600;20;90
BPPC_7_0_3.txt_0.2.bz2;9941;24;115588
BPPC_3_0_2.txt_0.4.bz2;1404;15;50199
BPPC_3_0_1.txt_0.9.bz2;449;5;40
BPPC_2_0_2.txt_0.3.bz2;1489;16;5024
BPPC_4_0_10.txt_0.5.bz2;1264;13;289631
BPPC_4_0_6.txt_0.1.bz2;0;0;0
BPPC_2_0_6.txt_0.5.bz2;991;11;51
BPPC_8_0_4.txt_0.2.bz2;0;0;0
BPPC_2_0_5.txt_0.4.bz2;1201;13;333
BPPC_2_0_3.txt_0.2.bz2;2143;25;120782
BPPC_7_0_7.txt_0.3.bz2;6923;19;4953
BPPC_8_0_6.txt_0.2.bz2;0;0;0
BPPC_3_0_7.txt_0.4.bz2;1446;15;48544
BPPC_2_0_7.txt_0.1.bz2;0;0;0
BPPC_7_0_6.txt_0.5.bz2;4261;10;52
BPPC_5_0_4.txt_0.5.bz2;2711;7;0
BPPC_2_0_3.txt_0.1.bz2;0;0;0
BPPC_7_0_4.txt_0.7.bz2;2830;7;9
BPPC_2_0_4.txt_0.1.bz2;0;0;0
BPPC_6_0_9.txt_0.4.bz2;4352;10;4
BPPC_8_0_10.txt_0.9.bz2;1998;5;31
BPPC_3_0_3.txt_0.7.bz2;758;8;58
BPPC_1_0_1.txt_0.4.bz2;947;11;8
BPPC_5_0_5.txt_0.8.bz2;1710;4;0
BPPC_2_0_1.txt_0.7.bz2;649;7;11
BPPC_6_0_7.txt_0.1.bz2;12422;32;213
BPPC_6_0_6.txt_0.2.bz2;7829;21;86
BPPC_1_0_10.txt_0.6.bz2;601;8;2
BPPC_6_0_2.txt_0.9.bz2;1529;4;1
BPPC_7_0_9.txt_0.1.bz2;0;0;0
BPPC_3_0_9.txt_0.3.bz2;0;0;0
BPPC_2_0_4.txt_0.4.bz2;1199;14;318
BPPC_2_0_5.txt_0.1.bz2;0;0;0
BPPC_6_0_2.txt_0.4.bz2;4331;11;8
BPPC_7_0_5.txt_0.7.bz2;3306;8;11
BPPC_7_0_3.txt_0.8.bz2;2229;5;8
BPPC_1_0_10.txt_0.2.bz2;1676;20;67
BPPC_3_0_3.txt_0.8.bz2;567;6;36
BPPC_8_0_5.txt_0.1.bz2;0;0;0
BPPC_1_0_9.txt_0.8.bz2;433;5;1
BPPC_7_0_4.txt_0.1.bz2;0;0;0
BPPC_1_0_6.txt_0.6.bz2;611;6;2
BPPC_6_0_7.txt_0.7.bz2;2282;6;2
BPPC_6_0_8.txt_0.3.bz2;5707;15;16
BPPC_7_0_3.txt_0.7.bz2;2838;7;11
BPPC_8_0_6.txt_0.5.bz2;5134;12;2940
BPPC_4_0_8.txt_0.7.bz2;823;9;900
BPPC_4_0_5.txt_0.6.bz2;994;11;12391
BPPC_5_0_9.txt_0.2.bz2;6118;16;0
BPPC_1_0_10.txt_0.7.bz2;534;6;1
BPPC_6_0_8.txt_0.6.bz2;3105;7;1
BPPC_8_0_9.txt_0.1.bz2;0;0;0
BPPC_3_0_4.txt_0.8.bz2;581;6;43
BPPC_6_0_5.txt_0.9.bz2;1476;4;1
BPPC_2_0_5.txt_0.7.bz2;617;7;10
BPPC_7_0_10.txt_0.2.bz2;9695;25;157990
BPPC_2_0_5.txt_0.3.bz2;1515;19;4275
BPPC_3_0_4.txt_0.3.bz2;0;0;0
BPPC_1_0_5.txt_0.4.bz2;981;11;5
BPPC_7_0_8.txt_0.3.bz2;6977;18;4116
BPPC_5_0_9.txt_0.5.bz2;3015;8;0
BPPC_7_0_5.txt_0.1.bz2;0;0;0
BPPC_6_0_3.txt_0.5.bz2;3688;9;2
BPPC_6_0_3.txt_0.1.bz2;11409;32;911
BPPC_2_0_2.txt_0.8.bz2;516;6;8
BPPC_2_0_8.txt_0.6.bz2;793;9;14
BPPC_8_0_7.txt_0.6.bz2;4219;10;291
BPPC_7_0_7.txt_0.9.bz2;1801;4;7
BPPC_2_0_7.txt_0.6.bz2;791;8;16
BPPC_7_0_8.txt_0.1.bz2;0;0;0
